2026-03-03 13:23:26,150 | INFO | qtile.basefactory | ✅ Created object: Columns
2026-03-03 13:23:26,150 | INFO | qtile.basefactory | ✅ Created object: Max
2026-03-03 13:23:26,150 | INFO | qtile.basefactory | ✅ Created object: Tile
2026-03-03 13:23:26,150 | INFO | qtile.basefactory | ✅ Created object: Bsp
2026-03-03 13:23:26,159 | INFO | qtile.basefactory | ✅ Created object: GroupBox
2026-03-03 13:23:26,160 | INFO | qtile.basefactory | ✅ Created object: Prompt
2026-03-03 13:23:26,160 | INFO | qtile.basefactory | ✅ Created object: Sep
2026-03-03 13:23:26,160 | INFO | qtile.basefactory | ✅ Created object: CurrentLayout
2026-03-03 13:23:26,160 | INFO | qtile.basefactory | ✅ Created object: Sep
2026-03-03 13:23:26,160 | INFO | qtile.basefactory | ✅ Created object: Clock
2026-03-03 13:23:26,160 | INFO | qtile.basefactory | ✅ Created object: Sep
2026-03-03 13:23:26,160 | INFO | qtile.basefactory | ✅ Created object: Spacer
2026-03-03 13:23:26,160 | INFO | qtile.basefactory | ✅ Created object: Sep
2026-03-03 13:23:26,160 | INFO | qtile.basefactory | ✅ Created object: CPU
2026-03-03 13:23:26,160 | INFO | qtile.basefactory | ✅ Created object: Sep
2026-03-03 13:23:26,160 | INFO | qtile.basefactory | ✅ Created object: HDD
2026-03-03 13:23:26,160 | INFO | qtile.basefactory | ✅ Created object: Sep
2026-03-03 13:23:26,160 | INFO | qtile.basefactory | ✅ Created object: Memory
2026-03-03 13:24:55,671 | INFO | qtile.basefactory | ✅ Created object: Columns
2026-03-03 13:24:55,671 | INFO | qtile.basefactory | ✅ Created object: Max
2026-03-03 13:24:55,671 | INFO | qtile.basefactory | ✅ Created object: Tile
2026-03-03 13:24:55,671 | INFO | qtile.basefactory | ✅ Created object: Bsp
2026-03-03 13:24:55,672 | INFO | qtile.basefactory | ✅ Created object: GroupBox
2026-03-03 13:24:55,672 | INFO | qtile.basefactory | ✅ Created object: Prompt
2026-03-03 13:24:55,672 | INFO | qtile.basefactory | ✅ Created object: Sep
2026-03-03 13:24:55,672 | INFO | qtile.basefactory | ✅ Created object: CurrentLayout
2026-03-03 13:24:55,672 | INFO | qtile.basefactory | ✅ Created object: Sep
2026-03-03 13:24:55,672 | INFO | qtile.basefactory | ✅ Created object: Clock
2026-03-03 13:24:55,672 | INFO | qtile.basefactory | ✅ Created object: Sep
2026-03-03 13:24:55,672 | INFO | qtile.basefactory | ✅ Created object: Spacer
2026-03-03 13:24:55,672 | INFO | qtile.basefactory | ✅ Created object: Sep
2026-03-03 13:24:55,672 | INFO | qtile.basefactory | ✅ Created object: CPU
2026-03-03 13:24:55,672 | INFO | qtile.basefactory | ✅ Created object: Sep
2026-03-03 13:24:55,672 | INFO | qtile.basefactory | ✅ Created object: HDD
2026-03-03 13:24:55,672 | INFO | qtile.basefactory | ✅ Created object: Sep
2026-03-03 13:24:55,673 | INFO | qtile.basefactory | ✅ Created object: Memory
2026-03-03 13:25:01,774 | INFO | qtile.basefactory | ✅ Created object: Columns
2026-03-03 13:25:01,774 | INFO | qtile.basefactory | ✅ Created object: Max
2026-03-03 13:25:01,774 | INFO | qtile.basefactory | ✅ Created object: Tile
2026-03-03 13:25:01,774 | INFO | qtile.basefactory | ✅ Created object: Bsp
2026-03-03 13:25:01,784 | INFO | qtile.basefactory | ✅ Created object: GroupBox
2026-03-03 13:25:01,784 | INFO | qtile.basefactory | ✅ Created object: Prompt
2026-03-03 13:25:01,784 | INFO | qtile.basefactory | ✅ Created object: Sep
2026-03-03 13:25:01,785 | INFO | qtile.basefactory | ✅ Created object: CurrentLayout
2026-03-03 13:25:01,785 | INFO | qtile.basefactory | ✅ Created object: Sep
2026-03-03 13:25:01,785 | INFO | qtile.basefactory | ✅ Created object: Clock
2026-03-03 13:25:01,785 | INFO | qtile.basefactory | ✅ Created object: Sep
2026-03-03 13:25:01,785 | INFO | qtile.basefactory | ✅ Created object: Spacer
2026-03-03 13:25:01,785 | INFO | qtile.basefactory | ✅ Created object: Sep
2026-03-03 13:25:01,785 | INFO | qtile.basefactory | ✅ Created object: CPU
2026-03-03 13:25:01,785 | INFO | qtile.basefactory | ✅ Created object: Sep
2026-03-03 13:25:01,785 | INFO | qtile.basefactory | ✅ Created object: HDD
2026-03-03 13:25:01,785 | INFO | qtile.basefactory | ✅ Created object: Sep
2026-03-03 13:25:01,785 | INFO | qtile.basefactory | ✅ Created object: Memory
2026-03-03 13:27:40,907 | INFO | qtile.basefactory | ✅ Created object: Columns
2026-03-03 13:27:40,907 | INFO | qtile.basefactory | ✅ Created object: Max
2026-03-03 13:27:40,907 | INFO | qtile.basefactory | ✅ Created object: Tile
2026-03-03 13:27:40,907 | INFO | qtile.basefactory | ✅ Created object: Bsp
2026-03-03 13:27:40,916 | INFO | qtile.basefactory | ✅ Created object: GroupBox
2026-03-03 13:27:40,916 | INFO | qtile.basefactory | ✅ Created object: Prompt
2026-03-03 13:27:40,916 | INFO | qtile.basefactory | ✅ Created object: Sep
2026-03-03 13:27:40,916 | INFO | qtile.basefactory | ✅ Created object: CurrentLayout
2026-03-03 13:27:40,916 | INFO | qtile.basefactory | ✅ Created object: Sep
2026-03-03 13:27:40,916 | INFO | qtile.basefactory | ✅ Created object: Clock
2026-03-03 13:27:40,917 | INFO | qtile.basefactory | ✅ Created object: Sep
2026-03-03 13:27:40,917 | INFO | qtile.basefactory | ✅ Created object: Spacer
2026-03-03 13:27:40,917 | INFO | qtile.basefactory | ✅ Created object: Sep
2026-03-03 13:27:40,917 | INFO | qtile.basefactory | ✅ Created object: CPU
2026-03-03 13:27:40,917 | INFO | qtile.basefactory | ✅ Created object: Sep
2026-03-03 13:27:40,917 | INFO | qtile.basefactory | ✅ Created object: HDD
2026-03-03 13:27:40,917 | INFO | qtile.basefactory | ✅ Created object: Sep
2026-03-03 13:27:40,917 | INFO | qtile.basefactory | ✅ Created object: Memory
2026-03-03 13:27:48,398 | INFO | qtile.basefactory | ✅ Created object: Columns
2026-03-03 13:27:48,398 | INFO | qtile.basefactory | ✅ Created object: Max
2026-03-03 13:27:48,398 | INFO | qtile.basefactory | ✅ Created object: Tile
2026-03-03 13:27:48,399 | INFO | qtile.basefactory | ✅ Created object: Bsp
2026-03-03 13:27:48,399 | INFO | qtile.basefactory | ✅ Created object: GroupBox
2026-03-03 13:27:48,399 | INFO | qtile.basefactory | ✅ Created object: Prompt
2026-03-03 13:27:48,399 | INFO | qtile.basefactory | ✅ Created object: Sep
2026-03-03 13:27:48,399 | INFO | qtile.basefactory | ✅ Created object: CurrentLayout
2026-03-03 13:27:48,399 | INFO | qtile.basefactory | ✅ Created object: Sep
2026-03-03 13:27:48,399 | INFO | qtile.basefactory | ✅ Created object: Clock
2026-03-03 13:27:48,400 | INFO | qtile.basefactory | ✅ Created object: Sep
2026-03-03 13:27:48,400 | INFO | qtile.basefactory | ✅ Created object: Spacer
2026-03-03 13:27:48,400 | INFO | qtile.basefactory | ✅ Created object: Sep
2026-03-03 13:27:48,400 | INFO | qtile.basefactory | ✅ Created object: CPU
2026-03-03 13:27:48,400 | INFO | qtile.basefactory | ✅ Created object: Sep
2026-03-03 13:27:48,400 | INFO | qtile.basefactory | ✅ Created object: HDD
2026-03-03 13:27:48,400 | INFO | qtile.basefactory | ✅ Created object: Sep
2026-03-03 13:27:48,400 | INFO | qtile.basefactory | ✅ Created object: Memory
2026-03-03 13:27:48,414 | INFO | qtile.basefactory | ✅ Created object: Columns
2026-03-03 13:27:48,414 | INFO | qtile.basefactory | ✅ Created object: Max
2026-03-03 13:27:48,414 | INFO | qtile.basefactory | ✅ Created object: Tile
2026-03-03 13:27:48,414 | INFO | qtile.basefactory | ✅ Created object: Bsp
2026-03-03 13:27:48,414 | INFO | qtile.basefactory | ✅ Created object: GroupBox
2026-03-03 13:27:48,415 | INFO | qtile.basefactory | ✅ Created object: Prompt
2026-03-03 13:27:48,415 | INFO | qtile.basefactory | ✅ Created object: Sep
2026-03-03 13:27:48,415 | INFO | qtile.basefactory | ✅ Created object: CurrentLayout
2026-03-03 13:27:48,415 | INFO | qtile.basefactory | ✅ Created object: Sep
2026-03-03 13:27:48,415 | INFO | qtile.basefactory | ✅ Created object: Clock
2026-03-03 13:27:48,415 | INFO | qtile.basefactory | ✅ Created object: Sep
2026-03-03 13:27:48,415 | INFO | qtile.basefactory | ✅ Created object: Spacer
2026-03-03 13:27:48,415 | INFO | qtile.basefactory | ✅ Created object: Sep
2026-03-03 13:27:48,415 | INFO | qtile.basefactory | ✅ Created object: CPU
2026-03-03 13:27:48,415 | INFO | qtile.basefactory | ✅ Created object: Sep
2026-03-03 13:27:48,415 | INFO | qtile.basefactory | ✅ Created object: HDD
2026-03-03 13:27:48,415 | INFO | qtile.basefactory | ✅ Created object: Sep
2026-03-03 13:27:48,415 | INFO | qtile.basefactory | ✅ Created object: Memory
2026-03-03 13:28:18,572 | INFO | qtile.basefactory | ✅ Created object: Columns
2026-03-03 13:28:18,572 | INFO | qtile.basefactory | ✅ Created object: Max
2026-03-03 13:28:18,572 | INFO | qtile.basefactory | ✅ Created object: Tile
2026-03-03 13:28:18,572 | INFO | qtile.basefactory | ✅ Created object: Bsp
2026-03-03 13:28:18,572 | INFO | qtile.basefactory | ✅ Created object: GroupBox
2026-03-03 13:28:18,572 | INFO | qtile.basefactory | ✅ Created object: Prompt
2026-03-03 13:28:18,572 | INFO | qtile.basefactory | ✅ Created object: Sep
2026-03-03 13:28:18,573 | INFO | qtile.basefactory | ✅ Created object: CurrentLayout
2026-03-03 13:28:18,573 | INFO | qtile.basefactory | ✅ Created object: Sep
2026-03-03 13:28:18,573 | INFO | qtile.basefactory | ✅ Created object: Clock
2026-03-03 13:28:18,573 | INFO | qtile.basefactory | ✅ Created object: Sep
2026-03-03 13:28:18,573 | INFO | qtile.basefactory | ✅ Created object: Spacer
2026-03-03 13:28:18,573 | INFO | qtile.basefactory | ✅ Created object: Sep
2026-03-03 13:28:18,573 | INFO | qtile.basefactory | ✅ Created object: CPU
2026-03-03 13:28:18,573 | INFO | qtile.basefactory | ✅ Created object: Sep
2026-03-03 13:28:18,573 | INFO | qtile.basefactory | ✅ Created object: HDD
2026-03-03 13:28:18,573 | INFO | qtile.basefactory | ✅ Created object: Sep
2026-03-03 13:28:18,573 | INFO | qtile.basefactory | ✅ Created object: Memory
2026-03-03 13:28:18,586 | INFO | qtile.basefactory | ✅ Created object: Columns
2026-03-03 13:28:18,586 | INFO | qtile.basefactory | ✅ Created object: Max
2026-03-03 13:28:18,586 | INFO | qtile.basefactory | ✅ Created object: Tile
2026-03-03 13:28:18,586 | INFO | qtile.basefactory | ✅ Created object: Bsp
2026-03-03 13:28:18,587 | INFO | qtile.basefactory | ✅ Created object: GroupBox
2026-03-03 13:28:18,587 | INFO | qtile.basefactory | ✅ Created object: Prompt
2026-03-03 13:28:18,587 | INFO | qtile.basefactory | ✅ Created object: Sep
2026-03-03 13:28:18,587 | INFO | qtile.basefactory | ✅ Created object: CurrentLayout
2026-03-03 13:28:18,587 | INFO | qtile.basefactory | ✅ Created object: Sep
2026-03-03 13:28:18,587 | INFO | qtile.basefactory | ✅ Created object: Clock
2026-03-03 13:28:18,587 | INFO | qtile.basefactory | ✅ Created object: Sep
2026-03-03 13:28:18,587 | INFO | qtile.basefactory | ✅ Created object: Spacer
2026-03-03 13:28:18,587 | INFO | qtile.basefactory | ✅ Created object: Sep
2026-03-03 13:28:18,588 | INFO | qtile.basefactory | ✅ Created object: CPU
2026-03-03 13:28:18,588 | INFO | qtile.basefactory | ✅ Created object: Sep
2026-03-03 13:28:18,588 | INFO | qtile.basefactory | ✅ Created object: HDD
2026-03-03 13:28:18,588 | INFO | qtile.basefactory | ✅ Created object: Sep
2026-03-03 13:28:18,588 | INFO | qtile.basefactory | ✅ Created object: Memory
2026-03-03 13:32:28,040 | INFO | qtile.basefactory | ✅ Created object: Columns
2026-03-03 13:32:28,040 | INFO | qtile.basefactory | ✅ Created object: Max
2026-03-03 13:32:28,040 | INFO | qtile.basefactory | ✅ Created object: Tile
2026-03-03 13:32:28,040 | INFO | qtile.basefactory | ✅ Created object: Bsp
2026-03-03 13:32:28,040 | INFO | qtile.basefactory | ✅ Created object: GroupBox
2026-03-03 13:32:28,041 | INFO | qtile.basefactory | ✅ Created object: Prompt
2026-03-03 13:32:28,041 | INFO | qtile.basefactory | ✅ Created object: Sep
2026-03-03 13:32:28,041 | INFO | qtile.basefactory | ✅ Created object: CurrentLayout
2026-03-03 13:32:28,041 | INFO | qtile.basefactory | ✅ Created object: Sep
2026-03-03 13:32:28,041 | INFO | qtile.basefactory | ✅ Created object: Clock
2026-03-03 13:32:28,041 | INFO | qtile.basefactory | ✅ Created object: Sep
2026-03-03 13:32:28,041 | INFO | qtile.basefactory | ✅ Created object: Spacer
2026-03-03 13:32:28,041 | INFO | qtile.basefactory | ✅ Created object: Sep
2026-03-03 13:32:28,041 | INFO | qtile.basefactory | ✅ Created object: CPU
2026-03-03 13:32:28,041 | INFO | qtile.basefactory | ✅ Created object: Sep
2026-03-03 13:32:28,041 | INFO | qtile.basefactory | ✅ Created object: HDD
2026-03-03 13:32:28,041 | INFO | qtile.basefactory | ✅ Created object: Sep
2026-03-03 13:32:28,041 | INFO | qtile.basefactory | ✅ Created object: Memory
2026-03-03 13:32:28,054 | INFO | qtile.basefactory | ✅ Created object: Columns
2026-03-03 13:32:28,055 | INFO | qtile.basefactory | ✅ Created object: Max
2026-03-03 13:32:28,055 | INFO | qtile.basefactory | ✅ Created object: Tile
2026-03-03 13:32:28,055 | INFO | qtile.basefactory | ✅ Created object: Bsp
2026-03-03 13:32:28,055 | INFO | qtile.basefactory | ✅ Created object: GroupBox
2026-03-03 13:32:28,055 | INFO | qtile.basefactory | ✅ Created object: Prompt
2026-03-03 13:32:28,055 | INFO | qtile.basefactory | ✅ Created object: Sep
2026-03-03 13:32:28,055 | INFO | qtile.basefactory | ✅ Created object: CurrentLayout
2026-03-03 13:32:28,055 | INFO | qtile.basefactory | ✅ Created object: Sep
2026-03-03 13:32:28,056 | INFO | qtile.basefactory | ✅ Created object: Clock
2026-03-03 13:32:28,056 | INFO | qtile.basefactory | ✅ Created object: Sep
2026-03-03 13:32:28,056 | INFO | qtile.basefactory | ✅ Created object: Spacer
2026-03-03 13:32:28,056 | INFO | qtile.basefactory | ✅ Created object: Sep
2026-03-03 13:32:28,056 | INFO | qtile.basefactory | ✅ Created object: CPU
2026-03-03 13:32:28,056 | INFO | qtile.basefactory | ✅ Created object: Sep
2026-03-03 13:32:28,056 | INFO | qtile.basefactory | ✅ Created object: HDD
2026-03-03 13:32:28,056 | INFO | qtile.basefactory | ✅ Created object: Sep
2026-03-03 13:32:28,056 | INFO | qtile.basefactory | ✅ Created object: Memory
2026-03-03 13:35:13,149 | INFO | qtile.basefactory | ✅ Created object: Columns
2026-03-03 13:35:13,149 | INFO | qtile.basefactory | ✅ Created object: Max
2026-03-03 13:35:13,149 | INFO | qtile.basefactory | ✅ Created object: Tile
2026-03-03 13:35:13,149 | INFO | qtile.basefactory | ✅ Created object: Bsp
2026-03-03 13:35:13,150 | INFO | qtile.basefactory | ✅ Created object: GroupBox
2026-03-03 13:35:13,150 | INFO | qtile.basefactory | ✅ Created object: Prompt
2026-03-03 13:35:13,150 | INFO | qtile.basefactory | ✅ Created object: Sep
2026-03-03 13:35:13,150 | INFO | qtile.basefactory | ✅ Created object: CurrentLayout
2026-03-03 13:35:13,150 | INFO | qtile.basefactory | ✅ Created object: Sep
2026-03-03 13:35:13,150 | INFO | qtile.basefactory | ✅ Created object: Clock
2026-03-03 13:35:13,150 | INFO | qtile.basefactory | ✅ Created object: Sep
2026-03-03 13:35:13,150 | INFO | qtile.basefactory | ✅ Created object: Spacer
2026-03-03 13:35:13,150 | INFO | qtile.basefactory | ✅ Created object: Sep
2026-03-03 13:35:13,151 | INFO | qtile.basefactory | ✅ Created object: CPU
2026-03-03 13:35:13,151 | INFO | qtile.basefactory | ✅ Created object: Sep
2026-03-03 13:35:13,151 | INFO | qtile.basefactory | ✅ Created object: HDD
2026-03-03 13:35:13,151 | INFO | qtile.basefactory | ✅ Created object: Sep
2026-03-03 13:35:13,151 | INFO | qtile.basefactory | ✅ Created object: Memory
2026-03-03 13:35:13,165 | INFO | qtile.basefactory | ✅ Created object: Columns
2026-03-03 13:35:13,165 | INFO | qtile.basefactory | ✅ Created object: Max
2026-03-03 13:35:13,165 | INFO | qtile.basefactory | ✅ Created object: Tile
2026-03-03 13:35:13,165 | INFO | qtile.basefactory | ✅ Created object: Bsp
2026-03-03 13:35:13,165 | INFO | qtile.basefactory | ✅ Created object: GroupBox
2026-03-03 13:35:13,165 | INFO | qtile.basefactory | ✅ Created object: Prompt
2026-03-03 13:35:13,166 | INFO | qtile.basefactory | ✅ Created object: Sep
2026-03-03 13:35:13,166 | INFO | qtile.basefactory | ✅ Created object: CurrentLayout
2026-03-03 13:35:13,166 | INFO | qtile.basefactory | ✅ Created object: Sep
2026-03-03 13:35:13,166 | INFO | qtile.basefactory | ✅ Created object: Clock
2026-03-03 13:35:13,166 | INFO | qtile.basefactory | ✅ Created object: Sep
2026-03-03 13:35:13,166 | INFO | qtile.basefactory | ✅ Created object: Spacer
2026-03-03 13:35:13,166 | INFO | qtile.basefactory | ✅ Created object: Sep
2026-03-03 13:35:13,166 | INFO | qtile.basefactory | ✅ Created object: CPU
2026-03-03 13:35:13,166 | INFO | qtile.basefactory | ✅ Created object: Sep
2026-03-03 13:35:13,166 | INFO | qtile.basefactory | ✅ Created object: HDD
2026-03-03 13:35:13,166 | INFO | qtile.basefactory | ✅ Created object: Sep
2026-03-03 13:35:13,167 | INFO | qtile.basefactory | ✅ Created object: Memory
2026-03-03 13:35:46,122 | INFO | qtile.basefactory | ✅ Created object: Columns
2026-03-03 13:35:46,122 | INFO | qtile.basefactory | ✅ Created object: Max
2026-03-03 13:35:46,122 | INFO | qtile.basefactory | ✅ Created object: Tile
2026-03-03 13:35:46,122 | INFO | qtile.basefactory | ✅ Created object: Bsp
2026-03-03 13:35:46,123 | INFO | qtile.basefactory | ✅ Created object: GroupBox
2026-03-03 13:35:46,123 | INFO | qtile.basefactory | ✅ Created object: Prompt
2026-03-03 13:35:46,123 | INFO | qtile.basefactory | ✅ Created object: Sep
2026-03-03 13:35:46,123 | INFO | qtile.basefactory | ✅ Created object: CurrentLayout
2026-03-03 13:35:46,123 | INFO | qtile.basefactory | ✅ Created object: Sep
2026-03-03 13:35:46,123 | INFO | qtile.basefactory | ✅ Created object: Clock
2026-03-03 13:35:46,124 | INFO | qtile.basefactory | ✅ Created object: Sep
2026-03-03 13:35:46,124 | INFO | qtile.basefactory | ✅ Created object: Spacer
2026-03-03 13:35:46,124 | INFO | qtile.basefactory | ✅ Created object: Sep
2026-03-03 13:35:46,124 | INFO | qtile.basefactory | ✅ Created object: CPU
2026-03-03 13:35:46,124 | INFO | qtile.basefactory | ✅ Created object: Sep
2026-03-03 13:35:46,124 | INFO | qtile.basefactory | ✅ Created object: HDD
2026-03-03 13:35:46,124 | INFO | qtile.basefactory | ✅ Created object: Sep
2026-03-03 13:35:46,124 | INFO | qtile.basefactory | ✅ Created object: Memory
2026-03-03 13:35:46,138 | INFO | qtile.basefactory | ✅ Created object: Columns
2026-03-03 13:35:46,138 | INFO | qtile.basefactory | ✅ Created object: Max
2026-03-03 13:35:46,138 | INFO | qtile.basefactory | ✅ Created object: Tile
2026-03-03 13:35:46,138 | INFO | qtile.basefactory | ✅ Created object: Bsp
2026-03-03 13:35:46,139 | INFO | qtile.basefactory | ✅ Created object: GroupBox
2026-03-03 13:35:46,139 | INFO | qtile.basefactory | ✅ Created object: Prompt
2026-03-03 13:35:46,139 | INFO | qtile.basefactory | ✅ Created object: Sep
2026-03-03 13:35:46,139 | INFO | qtile.basefactory | ✅ Created object: CurrentLayout
2026-03-03 13:35:46,139 | INFO | qtile.basefactory | ✅ Created object: Sep
2026-03-03 13:35:46,139 | INFO | qtile.basefactory | ✅ Created object: Clock
2026-03-03 13:35:46,139 | INFO | qtile.basefactory | ✅ Created object: Sep
2026-03-03 13:35:46,140 | INFO | qtile.basefactory | ✅ Created object: Spacer
2026-03-03 13:35:46,140 | INFO | qtile.basefactory | ✅ Created object: Sep
2026-03-03 13:35:46,140 | INFO | qtile.basefactory | ✅ Created object: CPU
2026-03-03 13:35:46,140 | INFO | qtile.basefactory | ✅ Created object: Sep
2026-03-03 13:35:46,140 | INFO | qtile.basefactory | ✅ Created object: HDD
2026-03-03 13:35:46,140 | INFO | qtile.basefactory | ✅ Created object: Sep
2026-03-03 13:35:46,140 | INFO | qtile.basefactory | ✅ Created object: Memory
2026-03-03 13:36:36,409 | INFO | qtile.basefactory | ✅ Created object: Columns
2026-03-03 13:36:36,410 | INFO | qtile.basefactory | ✅ Created object: Max
2026-03-03 13:36:36,410 | INFO | qtile.basefactory | ✅ Created object: Tile
2026-03-03 13:36:36,410 | INFO | qtile.basefactory | ✅ Created object: Bsp
2026-03-03 13:36:36,410 | INFO | qtile.basefactory | ✅ Created object: GroupBox
2026-03-03 13:36:36,410 | INFO | qtile.basefactory | ✅ Created object: Prompt
2026-03-03 13:36:36,411 | INFO | qtile.basefactory | ✅ Created object: Sep
2026-03-03 13:36:36,411 | INFO | qtile.basefactory | ✅ Created object: CurrentLayout
2026-03-03 13:36:36,411 | INFO | qtile.basefactory | ✅ Created object: Sep
2026-03-03 13:36:36,411 | INFO | qtile.basefactory | ✅ Created object: Clock
2026-03-03 13:36:36,411 | INFO | qtile.basefactory | ✅ Created object: Sep
2026-03-03 13:36:36,411 | INFO | qtile.basefactory | ✅ Created object: Spacer
2026-03-03 13:36:36,411 | INFO | qtile.basefactory | ✅ Created object: Sep
2026-03-03 13:36:36,411 | INFO | qtile.basefactory | ✅ Created object: CPU
2026-03-03 13:36:36,411 | INFO | qtile.basefactory | ✅ Created object: Sep
2026-03-03 13:36:36,411 | INFO | qtile.basefactory | ✅ Created object: HDD
2026-03-03 13:36:36,411 | INFO | qtile.basefactory | ✅ Created object: Sep
2026-03-03 13:36:36,412 | INFO | qtile.basefactory | ✅ Created object: Memory
2026-03-03 13:36:36,425 | INFO | qtile.basefactory | ✅ Created object: Columns
2026-03-03 13:36:36,425 | INFO | qtile.basefactory | ✅ Created object: Max
2026-03-03 13:36:36,425 | INFO | qtile.basefactory | ✅ Created object: Tile
2026-03-03 13:36:36,425 | INFO | qtile.basefactory | ✅ Created object: Bsp
2026-03-03 13:36:36,426 | INFO | qtile.basefactory | ✅ Created object: GroupBox
2026-03-03 13:36:36,426 | INFO | qtile.basefactory | ✅ Created object: Prompt
2026-03-03 13:36:36,426 | INFO | qtile.basefactory | ✅ Created object: Sep
2026-03-03 13:36:36,426 | INFO | qtile.basefactory | ✅ Created object: CurrentLayout
2026-03-03 13:36:36,426 | INFO | qtile.basefactory | ✅ Created object: Sep
2026-03-03 13:36:36,426 | INFO | qtile.basefactory | ✅ Created object: Clock
2026-03-03 13:36:36,426 | INFO | qtile.basefactory | ✅ Created object: Sep
2026-03-03 13:36:36,426 | INFO | qtile.basefactory | ✅ Created object: Spacer
2026-03-03 13:36:36,426 | INFO | qtile.basefactory | ✅ Created object: Sep
2026-03-03 13:36:36,426 | INFO | qtile.basefactory | ✅ Created object: CPU
2026-03-03 13:36:36,426 | INFO | qtile.basefactory | ✅ Created object: Sep
2026-03-03 13:36:36,427 | INFO | qtile.basefactory | ✅ Created object: HDD
2026-03-03 13:36:36,427 | INFO | qtile.basefactory | ✅ Created object: Sep
2026-03-03 13:36:36,427 | INFO | qtile.basefactory | ✅ Created object: Memory
2026-03-03 17:56:35,055 | INFO | qtile.basefactory | ✅ Created object: Columns
2026-03-03 17:56:35,055 | INFO | qtile.basefactory | ✅ Created object: Max
2026-03-03 17:56:35,055 | INFO | qtile.basefactory | ✅ Created object: Tile
2026-03-03 17:56:35,055 | INFO | qtile.basefactory | ✅ Created object: Bsp
2026-03-03 17:56:35,056 | INFO | qtile.basefactory | ✅ Created object: GroupBox
2026-03-03 17:56:35,056 | INFO | qtile.basefactory | ✅ Created object: Prompt
2026-03-03 17:56:35,056 | INFO | qtile.basefactory | ✅ Created object: Sep
2026-03-03 17:56:35,056 | INFO | qtile.basefactory | ✅ Created object: CurrentLayout
2026-03-03 17:56:35,056 | INFO | qtile.basefactory | ✅ Created object: Sep
2026-03-03 17:56:35,056 | INFO | qtile.basefactory | ✅ Created object: Clock
2026-03-03 17:56:35,056 | INFO | qtile.basefactory | ✅ Created object: Sep
2026-03-03 17:56:35,056 | INFO | qtile.basefactory | ✅ Created object: Spacer
2026-03-03 17:56:35,056 | INFO | qtile.basefactory | ✅ Created object: Sep
2026-03-03 17:56:35,056 | INFO | qtile.basefactory | ✅ Created object: CPU
2026-03-03 17:56:35,056 | INFO | qtile.basefactory | ✅ Created object: Sep
2026-03-03 17:56:35,057 | INFO | qtile.basefactory | ✅ Created object: HDD
2026-03-03 17:56:35,057 | INFO | qtile.basefactory | ✅ Created object: Sep
2026-03-03 17:56:35,057 | INFO | qtile.basefactory | ✅ Created object: Memory
2026-03-03 17:56:35,069 | INFO | qtile.basefactory | ✅ Created object: Columns
2026-03-03 17:56:35,070 | INFO | qtile.basefactory | ✅ Created object: Max
2026-03-03 17:56:35,070 | INFO | qtile.basefactory | ✅ Created object: Tile
2026-03-03 17:56:35,070 | INFO | qtile.basefactory | ✅ Created object: Bsp
2026-03-03 17:56:35,070 | INFO | qtile.basefactory | ✅ Created object: GroupBox
2026-03-03 17:56:35,070 | INFO | qtile.basefactory | ✅ Created object: Prompt
2026-03-03 17:56:35,070 | INFO | qtile.basefactory | ✅ Created object: Sep
2026-03-03 17:56:35,070 | INFO | qtile.basefactory | ✅ Created object: CurrentLayout
2026-03-03 17:56:35,071 | INFO | qtile.basefactory | ✅ Created object: Sep
2026-03-03 17:56:35,071 | INFO | qtile.basefactory | ✅ Created object: Clock
2026-03-03 17:56:35,071 | INFO | qtile.basefactory | ✅ Created object: Sep
2026-03-03 17:56:35,071 | INFO | qtile.basefactory | ✅ Created object: Spacer
2026-03-03 17:56:35,071 | INFO | qtile.basefactory | ✅ Created object: Sep
2026-03-03 17:56:35,071 | INFO | qtile.basefactory | ✅ Created object: CPU
2026-03-03 17:56:35,071 | INFO | qtile.basefactory | ✅ Created object: Sep
2026-03-03 17:56:35,071 | INFO | qtile.basefactory | ✅ Created object: HDD
2026-03-03 17:56:35,071 | INFO | qtile.basefactory | ✅ Created object: Sep
2026-03-03 17:56:35,071 | INFO | qtile.basefactory | ✅ Created object: Memory
2026-03-03 18:55:48,353 | INFO | qtile.basefactory | ✅ Created object: Columns
2026-03-03 18:55:48,353 | INFO | qtile.basefactory | ✅ Created object: Max
2026-03-03 18:55:48,353 | INFO | qtile.basefactory | ✅ Created object: Tile
2026-03-03 18:55:48,353 | INFO | qtile.basefactory | ✅ Created object: Bsp
2026-03-03 18:55:48,354 | INFO | qtile.basefactory | ✅ Created object: GroupBox
2026-03-03 18:55:48,354 | INFO | qtile.basefactory | ✅ Created object: Prompt
2026-03-03 18:55:48,354 | INFO | qtile.basefactory | ✅ Created object: Sep
2026-03-03 18:55:48,354 | INFO | qtile.basefactory | ✅ Created object: CurrentLayout
2026-03-03 18:55:48,354 | INFO | qtile.basefactory | ✅ Created object: Sep
2026-03-03 18:55:48,354 | INFO | qtile.basefactory | ✅ Created object: Clock
2026-03-03 18:55:48,354 | INFO | qtile.basefactory | ✅ Created object: Sep
2026-03-03 18:55:48,354 | INFO | qtile.basefactory | ✅ Created object: Spacer
2026-03-03 18:55:48,354 | INFO | qtile.basefactory | ✅ Created object: Sep
2026-03-03 18:55:48,354 | INFO | qtile.basefactory | ✅ Created object: CPU
2026-03-03 18:55:48,354 | INFO | qtile.basefactory | ✅ Created object: Sep
2026-03-03 18:55:48,354 | INFO | qtile.basefactory | ✅ Created object: HDD
2026-03-03 18:55:48,354 | INFO | qtile.basefactory | ✅ Created object: Sep
2026-03-03 18:55:48,355 | INFO | qtile.basefactory | ✅ Created object: Memory
2026-03-03 18:55:48,367 | INFO | qtile.basefactory | ✅ Created object: Columns
2026-03-03 18:55:48,367 | INFO | qtile.basefactory | ✅ Created object: Max
2026-03-03 18:55:48,367 | INFO | qtile.basefactory | ✅ Created object: Tile
2026-03-03 18:55:48,367 | INFO | qtile.basefactory | ✅ Created object: Bsp
2026-03-03 18:55:48,368 | INFO | qtile.basefactory | ✅ Created object: GroupBox
2026-03-03 18:55:48,368 | INFO | qtile.basefactory | ✅ Created object: Prompt
2026-03-03 18:55:48,368 | INFO | qtile.basefactory | ✅ Created object: Sep
2026-03-03 18:55:48,368 | INFO | qtile.basefactory | ✅ Created object: CurrentLayout
2026-03-03 18:55:48,368 | INFO | qtile.basefactory | ✅ Created object: Sep
2026-03-03 18:55:48,368 | INFO | qtile.basefactory | ✅ Created object: Clock
2026-03-03 18:55:48,368 | INFO | qtile.basefactory | ✅ Created object: Sep
2026-03-03 18:55:48,368 | INFO | qtile.basefactory | ✅ Created object: Spacer
2026-03-03 18:55:48,368 | INFO | qtile.basefactory | ✅ Created object: Sep
2026-03-03 18:55:48,368 | INFO | qtile.basefactory | ✅ Created object: CPU
2026-03-03 18:55:48,368 | INFO | qtile.basefactory | ✅ Created object: Sep
2026-03-03 18:55:48,369 | INFO | qtile.basefactory | ✅ Created object: HDD
2026-03-03 18:55:48,369 | INFO | qtile.basefactory | ✅ Created object: Sep
2026-03-03 18:55:48,369 | INFO | qtile.basefactory | ✅ Created object: Memory
2026-03-03 18:56:23,286 | INFO | qtile.basefactory | ✅ Created object: Columns
2026-03-03 18:56:23,286 | INFO | qtile.basefactory | ✅ Created object: Max
2026-03-03 18:56:23,286 | INFO | qtile.basefactory | ✅ Created object: Tile
2026-03-03 18:56:23,286 | INFO | qtile.basefactory | ✅ Created object: Bsp
2026-03-03 18:56:23,296 | INFO | qtile.basefactory | ✅ Created object: GroupBox
2026-03-03 18:56:23,296 | INFO | qtile.basefactory | ✅ Created object: Prompt
2026-03-03 18:56:23,296 | INFO | qtile.basefactory | ✅ Created object: Sep
2026-03-03 18:56:23,296 | INFO | qtile.basefactory | ✅ Created object: CurrentLayout
2026-03-03 18:56:23,296 | INFO | qtile.basefactory | ✅ Created object: Sep
2026-03-03 18:56:23,296 | INFO | qtile.basefactory | ✅ Created object: Clock
2026-03-03 18:56:23,297 | INFO | qtile.basefactory | ✅ Created object: Sep
2026-03-03 18:56:23,297 | INFO | qtile.basefactory | ✅ Created object: Spacer
2026-03-03 18:56:23,297 | INFO | qtile.basefactory | ✅ Created object: Sep
2026-03-03 18:56:23,297 | INFO | qtile.basefactory | ✅ Created object: CPU
2026-03-03 18:56:23,297 | INFO | qtile.basefactory | ✅ Created object: Sep
2026-03-03 18:56:23,297 | INFO | qtile.basefactory | ✅ Created object: HDD
2026-03-03 18:56:23,297 | INFO | qtile.basefactory | ✅ Created object: Sep
2026-03-03 18:56:23,297 | INFO | qtile.basefactory | ✅ Created object: Memory
2026-03-03 19:42:36,628 | INFO | qtile.basefactory | ✅ Created object: Columns
2026-03-03 19:42:36,628 | INFO | qtile.basefactory | ✅ Created object: Max
2026-03-03 19:42:36,628 | INFO | qtile.basefactory | ✅ Created object: Tile
2026-03-03 19:42:36,628 | INFO | qtile.basefactory | ✅ Created object: Bsp
2026-03-03 19:42:36,629 | INFO | qtile.basefactory | ✅ Created object: GroupBox
2026-03-03 19:42:36,629 | INFO | qtile.basefactory | ✅ Created object: Prompt
2026-03-03 19:42:36,629 | INFO | qtile.basefactory | ✅ Created object: Sep
2026-03-03 19:42:36,629 | INFO | qtile.basefactory | ✅ Created object: CurrentLayout
2026-03-03 19:42:36,629 | INFO | qtile.basefactory | ✅ Created object: Sep
2026-03-03 19:42:36,629 | INFO | qtile.basefactory | ✅ Created object: Clock
2026-03-03 19:42:36,629 | INFO | qtile.basefactory | ✅ Created object: Sep
2026-03-03 19:42:36,630 | INFO | qtile.basefactory | ✅ Created object: Spacer
2026-03-03 19:42:36,630 | INFO | qtile.basefactory | ✅ Created object: Sep
2026-03-03 19:42:36,630 | INFO | qtile.basefactory | ✅ Created object: CPU
2026-03-03 19:42:36,630 | INFO | qtile.basefactory | ✅ Created object: Sep
2026-03-03 19:42:36,630 | INFO | qtile.basefactory | ✅ Created object: HDD
2026-03-03 19:42:36,630 | INFO | qtile.basefactory | ✅ Created object: Sep
2026-03-03 19:42:36,630 | INFO | qtile.basefactory | ✅ Created object: Memory
2026-03-03 19:42:36,644 | INFO | qtile.basefactory | ✅ Created object: Columns
2026-03-03 19:42:36,644 | INFO | qtile.basefactory | ✅ Created object: Max
2026-03-03 19:42:36,644 | INFO | qtile.basefactory | ✅ Created object: Tile
2026-03-03 19:42:36,644 | INFO | qtile.basefactory | ✅ Created object: Bsp
2026-03-03 19:42:36,644 | INFO | qtile.basefactory | ✅ Created object: GroupBox
2026-03-03 19:42:36,644 | INFO | qtile.basefactory | ✅ Created object: Prompt
2026-03-03 19:42:36,645 | INFO | qtile.basefactory | ✅ Created object: Sep
2026-03-03 19:42:36,645 | INFO | qtile.basefactory | ✅ Created object: CurrentLayout
2026-03-03 19:42:36,645 | INFO | qtile.basefactory | ✅ Created object: Sep
2026-03-03 19:42:36,645 | INFO | qtile.basefactory | ✅ Created object: Clock
2026-03-03 19:42:36,645 | INFO | qtile.basefactory | ✅ Created object: Sep
2026-03-03 19:42:36,645 | INFO | qtile.basefactory | ✅ Created object: Spacer
2026-03-03 19:42:36,645 | INFO | qtile.basefactory | ✅ Created object: Sep
2026-03-03 19:42:36,645 | INFO | qtile.basefactory | ✅ Created object: CPU
2026-03-03 19:42:36,645 | INFO | qtile.basefactory | ✅ Created object: Sep
2026-03-03 19:42:36,645 | INFO | qtile.basefactory | ✅ Created object: HDD
2026-03-03 19:42:36,645 | INFO | qtile.basefactory | ✅ Created object: Sep
2026-03-03 19:42:36,645 | INFO | qtile.basefactory | ✅ Created object: Memory
2026-03-03 19:51:16,592 | INFO | qtile.basefactory | ✅ Created object: Columns
2026-03-03 19:51:16,593 | INFO | qtile.basefactory | ✅ Created object: Max
2026-03-03 19:51:16,593 | INFO | qtile.basefactory | ✅ Created object: Tile
2026-03-03 19:51:16,593 | INFO | qtile.basefactory | ✅ Created object: Bsp
2026-03-03 19:51:16,593 | INFO | qtile.basefactory | ✅ Created object: GroupBox
2026-03-03 19:51:16,593 | INFO | qtile.basefactory | ✅ Created object: Prompt
2026-03-03 19:51:16,593 | INFO | qtile.basefactory | ✅ Created object: Sep
2026-03-03 19:51:16,593 | INFO | qtile.basefactory | ✅ Created object: CurrentLayout
2026-03-03 19:51:16,594 | INFO | qtile.basefactory | ✅ Created object: Sep
2026-03-03 19:51:16,594 | INFO | qtile.basefactory | ✅ Created object: Clock
2026-03-03 19:51:16,594 | INFO | qtile.basefactory | ✅ Created object: Sep
2026-03-03 19:51:16,594 | INFO | qtile.basefactory | ✅ Created object: Spacer
2026-03-03 19:51:16,594 | INFO | qtile.basefactory | ✅ Created object: Sep
2026-03-03 19:51:16,594 | INFO | qtile.basefactory | ✅ Created object: CPU
2026-03-03 19:51:16,594 | INFO | qtile.basefactory | ✅ Created object: Sep
2026-03-03 19:51:16,594 | INFO | qtile.basefactory | ✅ Created object: HDD
2026-03-03 19:51:16,594 | INFO | qtile.basefactory | ✅ Created object: Sep
2026-03-03 19:51:16,594 | INFO | qtile.basefactory | ✅ Created object: Memory
2026-03-03 19:51:16,608 | INFO | qtile.basefactory | ✅ Created object: Columns
2026-03-03 19:51:16,608 | INFO | qtile.basefactory | ✅ Created object: Max
2026-03-03 19:51:16,608 | INFO | qtile.basefactory | ✅ Created object: Tile
2026-03-03 19:51:16,608 | INFO | qtile.basefactory | ✅ Created object: Bsp
2026-03-03 19:51:16,609 | INFO | qtile.basefactory | ✅ Created object: GroupBox
2026-03-03 19:51:16,609 | INFO | qtile.basefactory | ✅ Created object: Prompt
2026-03-03 19:51:16,609 | INFO | qtile.basefactory | ✅ Created object: Sep
2026-03-03 19:51:16,609 | INFO | qtile.basefactory | ✅ Created object: CurrentLayout
2026-03-03 19:51:16,609 | INFO | qtile.basefactory | ✅ Created object: Sep
2026-03-03 19:51:16,609 | INFO | qtile.basefactory | ✅ Created object: Clock
2026-03-03 19:51:16,609 | INFO | qtile.basefactory | ✅ Created object: Sep
2026-03-03 19:51:16,609 | INFO | qtile.basefactory | ✅ Created object: Spacer
2026-03-03 19:51:16,609 | INFO | qtile.basefactory | ✅ Created object: Sep
2026-03-03 19:51:16,609 | INFO | qtile.basefactory | ✅ Created object: CPU
2026-03-03 19:51:16,609 | INFO | qtile.basefactory | ✅ Created object: Sep
2026-03-03 19:51:16,609 | INFO | qtile.basefactory | ✅ Created object: HDD
2026-03-03 19:51:16,610 | INFO | qtile.basefactory | ✅ Created object: Sep
2026-03-03 19:51:16,610 | INFO | qtile.basefactory | ✅ Created object: Memory
2026-03-03 20:09:58,027 | INFO | qtile.basefactory | ✅ Created object: Columns
2026-03-03 20:09:58,028 | INFO | qtile.basefactory | ✅ Created object: Max
2026-03-03 20:09:58,028 | INFO | qtile.basefactory | ✅ Created object: Tile
2026-03-03 20:09:58,028 | INFO | qtile.basefactory | ✅ Created object: Bsp
2026-03-03 20:09:58,028 | INFO | qtile.basefactory | ✅ Created object: GroupBox
2026-03-03 20:09:58,028 | INFO | qtile.basefactory | ✅ Created object: Prompt
2026-03-03 20:09:58,028 | INFO | qtile.basefactory | ✅ Created object: Sep
2026-03-03 20:09:58,028 | INFO | qtile.basefactory | ✅ Created object: CurrentLayout
2026-03-03 20:09:58,028 | INFO | qtile.basefactory | ✅ Created object: Sep
2026-03-03 20:09:58,029 | INFO | qtile.basefactory | ✅ Created object: Clock
2026-03-03 20:09:58,029 | INFO | qtile.basefactory | ✅ Created object: Sep
2026-03-03 20:09:58,029 | INFO | qtile.basefactory | ✅ Created object: Spacer
2026-03-03 20:09:58,029 | INFO | qtile.basefactory | ✅ Created object: Sep
2026-03-03 20:09:58,029 | INFO | qtile.basefactory | ✅ Created object: CPU
2026-03-03 20:09:58,029 | INFO | qtile.basefactory | ✅ Created object: Sep
2026-03-03 20:09:58,029 | INFO | qtile.basefactory | ✅ Created object: HDD
2026-03-03 20:09:58,029 | INFO | qtile.basefactory | ✅ Created object: Sep
2026-03-03 20:09:58,029 | INFO | qtile.basefactory | ✅ Created object: Memory
2026-03-03 20:09:58,042 | INFO | qtile.basefactory | ✅ Created object: Columns
2026-03-03 20:09:58,042 | INFO | qtile.basefactory | ✅ Created object: Max
2026-03-03 20:09:58,043 | INFO | qtile.basefactory | ✅ Created object: Tile
2026-03-03 20:09:58,043 | INFO | qtile.basefactory | ✅ Created object: Bsp
2026-03-03 20:09:58,043 | INFO | qtile.basefactory | ✅ Created object: GroupBox
2026-03-03 20:09:58,043 | INFO | qtile.basefactory | ✅ Created object: Prompt
2026-03-03 20:09:58,043 | INFO | qtile.basefactory | ✅ Created object: Sep
2026-03-03 20:09:58,043 | INFO | qtile.basefactory | ✅ Created object: CurrentLayout
2026-03-03 20:09:58,043 | INFO | qtile.basefactory | ✅ Created object: Sep
2026-03-03 20:09:58,044 | INFO | qtile.basefactory | ✅ Created object: Clock
2026-03-03 20:09:58,044 | INFO | qtile.basefactory | ✅ Created object: Sep
2026-03-03 20:09:58,044 | INFO | qtile.basefactory | ✅ Created object: Spacer
2026-03-03 20:09:58,044 | INFO | qtile.basefactory | ✅ Created object: Sep
2026-03-03 20:09:58,044 | INFO | qtile.basefactory | ✅ Created object: CPU
2026-03-03 20:09:58,044 | INFO | qtile.basefactory | ✅ Created object: Sep
2026-03-03 20:09:58,044 | INFO | qtile.basefactory | ✅ Created object: HDD
2026-03-03 20:09:58,044 | INFO | qtile.basefactory | ✅ Created object: Sep
2026-03-03 20:09:58,044 | INFO | qtile.basefactory | ✅ Created object: Memory
2026-03-03 20:16:20,386 | INFO | qtile.basefactory | ✅ Created object: Columns
2026-03-03 20:16:20,386 | INFO | qtile.basefactory | ✅ Created object: Max
2026-03-03 20:16:20,386 | INFO | qtile.basefactory | ✅ Created object: Tile
2026-03-03 20:16:20,386 | INFO | qtile.basefactory | ✅ Created object: Bsp
2026-03-03 20:16:20,406 | INFO | qtile.basefactory | ✅ Created object: GroupBox
2026-03-03 20:16:20,406 | INFO | qtile.basefactory | ✅ Created object: Prompt
2026-03-03 20:16:20,406 | INFO | qtile.basefactory | ✅ Created object: Sep
2026-03-03 20:16:20,406 | INFO | qtile.basefactory | ✅ Created object: CurrentLayout
2026-03-03 20:16:20,406 | INFO | qtile.basefactory | ✅ Created object: Sep
2026-03-03 20:16:20,406 | INFO | qtile.basefactory | ✅ Created object: Clock
2026-03-03 20:16:20,406 | INFO | qtile.basefactory | ✅ Created object: Sep
2026-03-03 20:16:20,406 | INFO | qtile.basefactory | ✅ Created object: Spacer
2026-03-03 20:16:20,406 | INFO | qtile.basefactory | ✅ Created object: Sep
2026-03-03 20:16:20,406 | INFO | qtile.basefactory | ✅ Created object: CPU
2026-03-03 20:16:20,406 | INFO | qtile.basefactory | ✅ Created object: Sep
2026-03-03 20:16:20,406 | INFO | qtile.basefactory | ✅ Created object: HDD
2026-03-03 20:16:20,406 | INFO | qtile.basefactory | ✅ Created object: Sep
2026-03-03 20:16:20,407 | INFO | qtile.basefactory | ✅ Created object: Memory
2026-03-03 20:34:23,247 | INFO | qtile.basefactory | ✅ Created object: Columns
2026-03-03 20:34:23,247 | INFO | qtile.basefactory | ✅ Created object: Max
2026-03-03 20:34:23,247 | INFO | qtile.basefactory | ✅ Created object: Tile
2026-03-03 20:34:23,247 | INFO | qtile.basefactory | ✅ Created object: Bsp
2026-03-03 20:34:23,248 | INFO | qtile.basefactory | ✅ Created object: GroupBox
2026-03-03 20:34:23,249 | INFO | qtile.basefactory | ✅ Created object: Prompt
2026-03-03 20:34:23,249 | INFO | qtile.basefactory | ✅ Created object: Sep
2026-03-03 20:34:23,249 | INFO | qtile.basefactory | ✅ Created object: CurrentLayout
2026-03-03 20:34:23,249 | INFO | qtile.basefactory | ✅ Created object: Sep
2026-03-03 20:34:23,249 | INFO | qtile.basefactory | ✅ Created object: Clock
2026-03-03 20:34:23,249 | INFO | qtile.basefactory | ✅ Created object: Sep
2026-03-03 20:34:23,249 | INFO | qtile.basefactory | ✅ Created object: Spacer
2026-03-03 20:34:23,249 | INFO | qtile.basefactory | ✅ Created object: Sep
2026-03-03 20:34:23,249 | INFO | qtile.basefactory | ✅ Created object: CPU
2026-03-03 20:34:23,249 | INFO | qtile.basefactory | ✅ Created object: Sep
2026-03-03 20:34:23,249 | INFO | qtile.basefactory | ✅ Created object: HDD
2026-03-03 20:34:23,250 | INFO | qtile.basefactory | ✅ Created object: Sep
2026-03-03 20:34:23,250 | INFO | qtile.basefactory | ✅ Created object: Memory
2026-03-03 20:34:23,263 | INFO | qtile.basefactory | ✅ Created object: Columns
2026-03-03 20:34:23,263 | INFO | qtile.basefactory | ✅ Created object: Max
2026-03-03 20:34:23,263 | INFO | qtile.basefactory | ✅ Created object: Tile
2026-03-03 20:34:23,263 | INFO | qtile.basefactory | ✅ Created object: Bsp
2026-03-03 20:34:23,264 | INFO | qtile.basefactory | ✅ Created object: GroupBox
2026-03-03 20:34:23,264 | INFO | qtile.basefactory | ✅ Created object: Prompt
2026-03-03 20:34:23,264 | INFO | qtile.basefactory | ✅ Created object: Sep
2026-03-03 20:34:23,264 | INFO | qtile.basefactory | ✅ Created object: CurrentLayout
2026-03-03 20:34:23,264 | INFO | qtile.basefactory | ✅ Created object: Sep
2026-03-03 20:34:23,264 | INFO | qtile.basefactory | ✅ Created object: Clock
2026-03-03 20:34:23,264 | INFO | qtile.basefactory | ✅ Created object: Sep
2026-03-03 20:34:23,264 | INFO | qtile.basefactory | ✅ Created object: Spacer
2026-03-03 20:34:23,264 | INFO | qtile.basefactory | ✅ Created object: Sep
2026-03-03 20:34:23,264 | INFO | qtile.basefactory | ✅ Created object: CPU
2026-03-03 20:34:23,265 | INFO | qtile.basefactory | ✅ Created object: Sep
2026-03-03 20:34:23,265 | INFO | qtile.basefactory | ✅ Created object: HDD
2026-03-03 20:34:23,265 | INFO | qtile.basefactory | ✅ Created object: Sep
2026-03-03 20:34:23,265 | INFO | qtile.basefactory | ✅ Created object: Memory
2026-03-04 16:03:36,833 | INFO | qtile.basefactory | ✅ Created object: Columns
2026-03-04 16:03:36,834 | INFO | qtile.basefactory | ✅ Created object: Max
2026-03-04 16:03:36,834 | INFO | qtile.basefactory | ✅ Created object: Tile
2026-03-04 16:03:36,834 | INFO | qtile.basefactory | ✅ Created object: Bsp
2026-03-04 16:03:36,854 | INFO | qtile.basefactory | ✅ Created object: GroupBox
2026-03-04 16:03:36,854 | INFO | qtile.basefactory | ✅ Created object: Prompt
2026-03-04 16:03:36,854 | INFO | qtile.basefactory | ✅ Created object: Sep
2026-03-04 16:03:36,854 | INFO | qtile.basefactory | ✅ Created object: CurrentLayout
2026-03-04 16:03:36,854 | INFO | qtile.basefactory | ✅ Created object: Sep
2026-03-04 16:03:36,854 | INFO | qtile.basefactory | ✅ Created object: Clock
2026-03-04 16:03:36,854 | INFO | qtile.basefactory | ✅ Created object: Sep
2026-03-04 16:03:36,855 | INFO | qtile.basefactory | ✅ Created object: Spacer
2026-03-04 16:03:36,855 | INFO | qtile.basefactory | ✅ Created object: Sep
2026-03-04 16:03:36,855 | INFO | qtile.basefactory | ✅ Created object: CPU
2026-03-04 16:03:36,855 | INFO | qtile.basefactory | ✅ Created object: Sep
2026-03-04 16:03:36,855 | INFO | qtile.basefactory | ✅ Created object: HDD
2026-03-04 16:03:36,855 | INFO | qtile.basefactory | ✅ Created object: Sep
2026-03-04 16:03:36,855 | INFO | qtile.basefactory | ✅ Created object: Memory
2026-03-04 16:41:50,891 | INFO | qtile.basefactory | ✅ Created object: Columns
2026-03-04 16:41:50,891 | INFO | qtile.basefactory | ✅ Created object: Max
2026-03-04 16:41:50,891 | INFO | qtile.basefactory | ✅ Created object: Tile
2026-03-04 16:41:50,891 | INFO | qtile.basefactory | ✅ Created object: Bsp
2026-03-04 16:41:50,900 | INFO | qtile.basefactory | ✅ Created object: GroupBox
2026-03-04 16:41:50,900 | INFO | qtile.basefactory | ✅ Created object: Prompt
2026-03-04 16:41:50,900 | INFO | qtile.basefactory | ✅ Created object: Sep
2026-03-04 16:41:50,901 | INFO | qtile.basefactory | ✅ Created object: CurrentLayout
2026-03-04 16:41:50,901 | INFO | qtile.basefactory | ✅ Created object: Sep
2026-03-04 16:41:50,901 | INFO | qtile.basefactory | ✅ Created object: Clock
2026-03-04 16:41:50,901 | INFO | qtile.basefactory | ✅ Created object: Sep
2026-03-04 16:41:50,901 | INFO | qtile.basefactory | ✅ Created object: Spacer
2026-03-04 16:41:50,901 | INFO | qtile.basefactory | ✅ Created object: Sep
2026-03-04 16:41:50,901 | INFO | qtile.basefactory | ✅ Created object: CPU
2026-03-04 16:41:50,901 | INFO | qtile.basefactory | ✅ Created object: Sep
2026-03-04 16:41:50,901 | INFO | qtile.basefactory | ✅ Created object: HDD
2026-03-04 16:41:50,901 | INFO | qtile.basefactory | ✅ Created object: Sep
2026-03-04 16:41:50,901 | INFO | qtile.basefactory | ✅ Created object: Memory
2026-03-04 16:41:55,360 | INFO | qtile.basefactory | ✅ Created object: Columns
2026-03-04 16:41:55,360 | INFO | qtile.basefactory | ✅ Created object: Max
2026-03-04 16:41:55,360 | INFO | qtile.basefactory | ✅ Created object: Tile
2026-03-04 16:41:55,360 | INFO | qtile.basefactory | ✅ Created object: Bsp
2026-03-04 16:41:55,360 | INFO | qtile.basefactory | ✅ Created object: GroupBox
2026-03-04 16:41:55,360 | INFO | qtile.basefactory | ✅ Created object: Prompt
2026-03-04 16:41:55,361 | INFO | qtile.basefactory | ✅ Created object: Sep
2026-03-04 16:41:55,361 | INFO | qtile.basefactory | ✅ Created object: CurrentLayout
2026-03-04 16:41:55,361 | INFO | qtile.basefactory | ✅ Created object: Sep
2026-03-04 16:41:55,361 | INFO | qtile.basefactory | ✅ Created object: Clock
2026-03-04 16:41:55,361 | INFO | qtile.basefactory | ✅ Created object: Sep
2026-03-04 16:41:55,361 | INFO | qtile.basefactory | ✅ Created object: Spacer
2026-03-04 16:41:55,361 | INFO | qtile.basefactory | ✅ Created object: Sep
2026-03-04 16:41:55,361 | INFO | qtile.basefactory | ✅ Created object: CPU
2026-03-04 16:41:55,361 | INFO | qtile.basefactory | ✅ Created object: Sep
2026-03-04 16:41:55,361 | INFO | qtile.basefactory | ✅ Created object: HDD
2026-03-04 16:41:55,361 | INFO | qtile.basefactory | ✅ Created object: Sep
2026-03-04 16:41:55,361 | INFO | qtile.basefactory | ✅ Created object: Memory
2026-03-04 16:41:55,375 | INFO | qtile.basefactory | ✅ Created object: Columns
2026-03-04 16:41:55,375 | INFO | qtile.basefactory | ✅ Created object: Max
2026-03-04 16:41:55,375 | INFO | qtile.basefactory | ✅ Created object: Tile
2026-03-04 16:41:55,375 | INFO | qtile.basefactory | ✅ Created object: Bsp
2026-03-04 16:41:55,375 | INFO | qtile.basefactory | ✅ Created object: GroupBox
2026-03-04 16:41:55,376 | INFO | qtile.basefactory | ✅ Created object: Prompt
2026-03-04 16:41:55,376 | INFO | qtile.basefactory | ✅ Created object: Sep
2026-03-04 16:41:55,376 | INFO | qtile.basefactory | ✅ Created object: CurrentLayout
2026-03-04 16:41:55,376 | INFO | qtile.basefactory | ✅ Created object: Sep
2026-03-04 16:41:55,376 | INFO | qtile.basefactory | ✅ Created object: Clock
2026-03-04 16:41:55,376 | INFO | qtile.basefactory | ✅ Created object: Sep
2026-03-04 16:41:55,376 | INFO | qtile.basefactory | ✅ Created object: Spacer
2026-03-04 16:41:55,376 | INFO | qtile.basefactory | ✅ Created object: Sep
2026-03-04 16:41:55,376 | INFO | qtile.basefactory | ✅ Created object: CPU
2026-03-04 16:41:55,376 | INFO | qtile.basefactory | ✅ Created object: Sep
2026-03-04 16:41:55,376 | INFO | qtile.basefactory | ✅ Created object: HDD
2026-03-04 16:41:55,377 | INFO | qtile.basefactory | ✅ Created object: Sep
2026-03-04 16:41:55,377 | INFO | qtile.basefactory | ✅ Created object: Memory
2026-03-04 16:43:18,002 | INFO | qtile.basefactory | ✅ Created object: Columns
2026-03-04 16:43:18,002 | INFO | qtile.basefactory | ✅ Created object: Max
2026-03-04 16:43:18,002 | INFO | qtile.basefactory | ✅ Created object: Tile
2026-03-04 16:43:18,002 | INFO | qtile.basefactory | ✅ Created object: Bsp
2026-03-04 16:43:18,003 | INFO | qtile.basefactory | ✅ Created object: GroupBox
2026-03-04 16:43:18,003 | INFO | qtile.basefactory | ✅ Created object: Prompt
2026-03-04 16:43:18,003 | INFO | qtile.basefactory | ✅ Created object: Sep
2026-03-04 16:43:18,003 | INFO | qtile.basefactory | ✅ Created object: CurrentLayout
2026-03-04 16:43:18,003 | INFO | qtile.basefactory | ✅ Created object: Sep
2026-03-04 16:43:18,003 | INFO | qtile.basefactory | ✅ Created object: Clock
2026-03-04 16:43:18,003 | INFO | qtile.basefactory | ✅ Created object: Sep
2026-03-04 16:43:18,003 | INFO | qtile.basefactory | ✅ Created object: Spacer
2026-03-04 16:43:18,003 | INFO | qtile.basefactory | ✅ Created object: Sep
2026-03-04 16:43:18,003 | INFO | qtile.basefactory | ✅ Created object: CPU
2026-03-04 16:43:18,003 | INFO | qtile.basefactory | ✅ Created object: Sep
2026-03-04 16:43:18,003 | INFO | qtile.basefactory | ✅ Created object: HDD
2026-03-04 16:43:18,003 | INFO | qtile.basefactory | ✅ Created object: Sep
2026-03-04 16:43:18,004 | INFO | qtile.basefactory | ✅ Created object: Memory
2026-03-04 16:43:18,016 | INFO | qtile.basefactory | ✅ Created object: Columns
2026-03-04 16:43:18,016 | INFO | qtile.basefactory | ✅ Created object: Max
2026-03-04 16:43:18,016 | INFO | qtile.basefactory | ✅ Created object: Tile
2026-03-04 16:43:18,016 | INFO | qtile.basefactory | ✅ Created object: Bsp
2026-03-04 16:43:18,017 | INFO | qtile.basefactory | ✅ Created object: GroupBox
2026-03-04 16:43:18,017 | INFO | qtile.basefactory | ✅ Created object: Prompt
2026-03-04 16:43:18,017 | INFO | qtile.basefactory | ✅ Created object: Sep
2026-03-04 16:43:18,017 | INFO | qtile.basefactory | ✅ Created object: CurrentLayout
2026-03-04 16:43:18,017 | INFO | qtile.basefactory | ✅ Created object: Sep
2026-03-04 16:43:18,017 | INFO | qtile.basefactory | ✅ Created object: Clock
2026-03-04 16:43:18,017 | INFO | qtile.basefactory | ✅ Created object: Sep
2026-03-04 16:43:18,017 | INFO | qtile.basefactory | ✅ Created object: Spacer
2026-03-04 16:43:18,017 | INFO | qtile.basefactory | ✅ Created object: Sep
2026-03-04 16:43:18,017 | INFO | qtile.basefactory | ✅ Created object: CPU
2026-03-04 16:43:18,017 | INFO | qtile.basefactory | ✅ Created object: Sep
2026-03-04 16:43:18,018 | INFO | qtile.basefactory | ✅ Created object: HDD
2026-03-04 16:43:18,018 | INFO | qtile.basefactory | ✅ Created object: Sep
2026-03-04 16:43:18,018 | INFO | qtile.basefactory | ✅ Created object: Memory
2026-03-04 16:44:41,153 | INFO | qtile.basefactory | ✅ Created object: Columns
2026-03-04 16:44:41,153 | INFO | qtile.basefactory | ✅ Created object: Max
2026-03-04 16:44:41,153 | INFO | qtile.basefactory | ✅ Created object: Tile
2026-03-04 16:44:41,153 | INFO | qtile.basefactory | ✅ Created object: Bsp
2026-03-04 16:44:41,153 | INFO | qtile.basefactory | ✅ Created object: GroupBox
2026-03-04 16:44:41,154 | INFO | qtile.basefactory | ✅ Created object: Prompt
2026-03-04 16:44:41,154 | INFO | qtile.basefactory | ✅ Created object: Sep
2026-03-04 16:44:41,154 | INFO | qtile.basefactory | ✅ Created object: CurrentLayout
2026-03-04 16:44:41,154 | INFO | qtile.basefactory | ✅ Created object: Sep
2026-03-04 16:44:41,154 | INFO | qtile.basefactory | ✅ Created object: Clock
2026-03-04 16:44:41,154 | INFO | qtile.basefactory | ✅ Created object: Sep
2026-03-04 16:44:41,154 | INFO | qtile.basefactory | ✅ Created object: Spacer
2026-03-04 16:44:41,154 | INFO | qtile.basefactory | ✅ Created object: Sep
2026-03-04 16:44:41,154 | INFO | qtile.basefactory | ✅ Created object: CPU
2026-03-04 16:44:41,154 | INFO | qtile.basefactory | ✅ Created object: Sep
2026-03-04 16:44:41,154 | INFO | qtile.basefactory | ✅ Created object: HDD
2026-03-04 16:44:41,154 | INFO | qtile.basefactory | ✅ Created object: Sep
2026-03-04 16:44:41,154 | INFO | qtile.basefactory | ✅ Created object: Memory
2026-03-04 16:44:41,169 | INFO | qtile.basefactory | ✅ Created object: Columns
2026-03-04 16:44:41,169 | INFO | qtile.basefactory | ✅ Created object: Max
2026-03-04 16:44:41,169 | INFO | qtile.basefactory | ✅ Created object: Tile
2026-03-04 16:44:41,169 | INFO | qtile.basefactory | ✅ Created object: Bsp
2026-03-04 16:44:41,170 | INFO | qtile.basefactory | ✅ Created object: GroupBox
2026-03-04 16:44:41,170 | INFO | qtile.basefactory | ✅ Created object: Prompt
2026-03-04 16:44:41,170 | INFO | qtile.basefactory | ✅ Created object: Sep
2026-03-04 16:44:41,170 | INFO | qtile.basefactory | ✅ Created object: CurrentLayout
2026-03-04 16:44:41,170 | INFO | qtile.basefactory | ✅ Created object: Sep
2026-03-04 16:44:41,170 | INFO | qtile.basefactory | ✅ Created object: Clock
2026-03-04 16:44:41,170 | INFO | qtile.basefactory | ✅ Created object: Sep
2026-03-04 16:44:41,170 | INFO | qtile.basefactory | ✅ Created object: Spacer
2026-03-04 16:44:41,170 | INFO | qtile.basefactory | ✅ Created object: Sep
2026-03-04 16:44:41,170 | INFO | qtile.basefactory | ✅ Created object: CPU
2026-03-04 16:44:41,170 | INFO | qtile.basefactory | ✅ Created object: Sep
2026-03-04 16:44:41,170 | INFO | qtile.basefactory | ✅ Created object: HDD
2026-03-04 16:44:41,171 | INFO | qtile.basefactory | ✅ Created object: Sep
2026-03-04 16:44:41,171 | INFO | qtile.basefactory | ✅ Created object: Memory
2026-03-04 16:45:36,330 | INFO | qtile.basefactory | ✅ Created object: Columns
2026-03-04 16:45:36,330 | INFO | qtile.basefactory | ✅ Created object: Max
2026-03-04 16:45:36,330 | INFO | qtile.basefactory | ✅ Created object: Tile
2026-03-04 16:45:36,330 | INFO | qtile.basefactory | ✅ Created object: Bsp
2026-03-04 16:45:36,330 | INFO | qtile.basefactory | ✅ Created object: GroupBox
2026-03-04 16:45:36,330 | INFO | qtile.basefactory | ✅ Created object: Prompt
2026-03-04 16:45:36,331 | INFO | qtile.basefactory | ✅ Created object: Sep
2026-03-04 16:45:36,331 | INFO | qtile.basefactory | ✅ Created object: CurrentLayout
2026-03-04 16:45:36,331 | INFO | qtile.basefactory | ✅ Created object: Sep
2026-03-04 16:45:36,331 | INFO | qtile.basefactory | ✅ Created object: Clock
2026-03-04 16:45:36,331 | INFO | qtile.basefactory | ✅ Created object: Sep
2026-03-04 16:45:36,331 | INFO | qtile.basefactory | ✅ Created object: Spacer
2026-03-04 16:45:36,331 | INFO | qtile.basefactory | ✅ Created object: Sep
2026-03-04 16:45:36,331 | INFO | qtile.basefactory | ✅ Created object: CPU
2026-03-04 16:45:36,331 | INFO | qtile.basefactory | ✅ Created object: Sep
2026-03-04 16:45:36,331 | INFO | qtile.basefactory | ✅ Created object: HDD
2026-03-04 16:45:36,331 | INFO | qtile.basefactory | ✅ Created object: Sep
2026-03-04 16:45:36,331 | INFO | qtile.basefactory | ✅ Created object: Memory
2026-03-04 16:45:36,344 | INFO | qtile.basefactory | ✅ Created object: Columns
2026-03-04 16:45:36,344 | INFO | qtile.basefactory | ✅ Created object: Max
2026-03-04 16:45:36,344 | INFO | qtile.basefactory | ✅ Created object: Tile
2026-03-04 16:45:36,344 | INFO | qtile.basefactory | ✅ Created object: Bsp
2026-03-04 16:45:36,345 | INFO | qtile.basefactory | ✅ Created object: GroupBox
2026-03-04 16:45:36,345 | INFO | qtile.basefactory | ✅ Created object: Prompt
2026-03-04 16:45:36,345 | INFO | qtile.basefactory | ✅ Created object: Sep
2026-03-04 16:45:36,345 | INFO | qtile.basefactory | ✅ Created object: CurrentLayout
2026-03-04 16:45:36,345 | INFO | qtile.basefactory | ✅ Created object: Sep
2026-03-04 16:45:36,345 | INFO | qtile.basefactory | ✅ Created object: Clock
2026-03-04 16:45:36,345 | INFO | qtile.basefactory | ✅ Created object: Sep
2026-03-04 16:45:36,345 | INFO | qtile.basefactory | ✅ Created object: Spacer
2026-03-04 16:45:36,345 | INFO | qtile.basefactory | ✅ Created object: Sep
2026-03-04 16:45:36,345 | INFO | qtile.basefactory | ✅ Created object: CPU
2026-03-04 16:45:36,346 | INFO | qtile.basefactory | ✅ Created object: Sep
2026-03-04 16:45:36,346 | INFO | qtile.basefactory | ✅ Created object: HDD
2026-03-04 16:45:36,346 | INFO | qtile.basefactory | ✅ Created object: Sep
2026-03-04 16:45:36,346 | INFO | qtile.basefactory | ✅ Created object: Memory
2026-03-04 16:47:55,493 | INFO | qtile.basefactory | ✅ Created object: Columns
2026-03-04 16:47:55,493 | INFO | qtile.basefactory | ✅ Created object: Max
2026-03-04 16:47:55,494 | INFO | qtile.basefactory | ✅ Created object: Tile
2026-03-04 16:47:55,494 | INFO | qtile.basefactory | ✅ Created object: Bsp
2026-03-04 16:47:55,494 | INFO | qtile.basefactory | ✅ Created object: GroupBox
2026-03-04 16:47:55,494 | INFO | qtile.basefactory | ✅ Created object: Prompt
2026-03-04 16:47:55,495 | INFO | qtile.basefactory | ✅ Created object: Sep
2026-03-04 16:47:55,495 | INFO | qtile.basefactory | ✅ Created object: CurrentLayout
2026-03-04 16:47:55,495 | INFO | qtile.basefactory | ✅ Created object: Sep
2026-03-04 16:47:55,495 | INFO | qtile.basefactory | ✅ Created object: Clock
2026-03-04 16:47:55,495 | INFO | qtile.basefactory | ✅ Created object: Sep
2026-03-04 16:47:55,495 | INFO | qtile.basefactory | ✅ Created object: Spacer
2026-03-04 16:47:55,495 | INFO | qtile.basefactory | ✅ Created object: Sep
2026-03-04 16:47:55,495 | INFO | qtile.basefactory | ✅ Created object: CPU
2026-03-04 16:47:55,495 | INFO | qtile.basefactory | ✅ Created object: Sep
2026-03-04 16:47:55,495 | INFO | qtile.basefactory | ✅ Created object: HDD
2026-03-04 16:47:55,495 | INFO | qtile.basefactory | ✅ Created object: Sep
2026-03-04 16:47:55,496 | INFO | qtile.basefactory | ✅ Created object: Memory
2026-03-04 16:47:55,508 | INFO | qtile.basefactory | ✅ Created object: Columns
2026-03-04 16:47:55,508 | INFO | qtile.basefactory | ✅ Created object: Max
2026-03-04 16:47:55,509 | INFO | qtile.basefactory | ✅ Created object: Tile
2026-03-04 16:47:55,509 | INFO | qtile.basefactory | ✅ Created object: Bsp
2026-03-04 16:47:55,509 | INFO | qtile.basefactory | ✅ Created object: GroupBox
2026-03-04 16:47:55,509 | INFO | qtile.basefactory | ✅ Created object: Prompt
2026-03-04 16:47:55,509 | INFO | qtile.basefactory | ✅ Created object: Sep
2026-03-04 16:47:55,510 | INFO | qtile.basefactory | ✅ Created object: CurrentLayout
2026-03-04 16:47:55,510 | INFO | qtile.basefactory | ✅ Created object: Sep
2026-03-04 16:47:55,510 | INFO | qtile.basefactory | ✅ Created object: Clock
2026-03-04 16:47:55,510 | INFO | qtile.basefactory | ✅ Created object: Sep
2026-03-04 16:47:55,510 | INFO | qtile.basefactory | ✅ Created object: Spacer
2026-03-04 16:47:55,510 | INFO | qtile.basefactory | ✅ Created object: Sep
2026-03-04 16:47:55,510 | INFO | qtile.basefactory | ✅ Created object: CPU
2026-03-04 16:47:55,510 | INFO | qtile.basefactory | ✅ Created object: Sep
2026-03-04 16:47:55,510 | INFO | qtile.basefactory | ✅ Created object: HDD
2026-03-04 16:47:55,510 | INFO | qtile.basefactory | ✅ Created object: Sep
2026-03-04 16:47:55,511 | INFO | qtile.basefactory | ✅ Created object: Memory
2026-03-04 16:48:17,338 | INFO | qtile.basefactory | ✅ Created object: Columns
2026-03-04 16:48:17,338 | INFO | qtile.basefactory | ✅ Created object: Max
2026-03-04 16:48:17,339 | INFO | qtile.basefactory | ✅ Created object: Tile
2026-03-04 16:48:17,339 | INFO | qtile.basefactory | ✅ Created object: Bsp
2026-03-04 16:48:17,339 | INFO | qtile.basefactory | ✅ Created object: GroupBox
2026-03-04 16:48:17,339 | INFO | qtile.basefactory | ✅ Created object: Prompt
2026-03-04 16:48:17,339 | INFO | qtile.basefactory | ✅ Created object: Sep
2026-03-04 16:48:17,339 | INFO | qtile.basefactory | ✅ Created object: CurrentLayout
2026-03-04 16:48:17,339 | INFO | qtile.basefactory | ✅ Created object: Sep
2026-03-04 16:48:17,339 | INFO | qtile.basefactory | ✅ Created object: Clock
2026-03-04 16:48:17,339 | INFO | qtile.basefactory | ✅ Created object: Sep
2026-03-04 16:48:17,340 | INFO | qtile.basefactory | ✅ Created object: Spacer
2026-03-04 16:48:17,340 | INFO | qtile.basefactory | ✅ Created object: Sep
2026-03-04 16:48:17,340 | INFO | qtile.basefactory | ✅ Created object: CPU
2026-03-04 16:48:17,340 | INFO | qtile.basefactory | ✅ Created object: Sep
2026-03-04 16:48:17,340 | INFO | qtile.basefactory | ✅ Created object: HDD
2026-03-04 16:48:17,340 | INFO | qtile.basefactory | ✅ Created object: Sep
2026-03-04 16:48:17,340 | INFO | qtile.basefactory | ✅ Created object: Memory
2026-03-04 16:48:17,353 | INFO | qtile.basefactory | ✅ Created object: Columns
2026-03-04 16:48:17,353 | INFO | qtile.basefactory | ✅ Created object: Max
2026-03-04 16:48:17,353 | INFO | qtile.basefactory | ✅ Created object: Tile
2026-03-04 16:48:17,353 | INFO | qtile.basefactory | ✅ Created object: Bsp
2026-03-04 16:48:17,353 | INFO | qtile.basefactory | ✅ Created object: GroupBox
2026-03-04 16:48:17,354 | INFO | qtile.basefactory | ✅ Created object: Prompt
2026-03-04 16:48:17,354 | INFO | qtile.basefactory | ✅ Created object: Sep
2026-03-04 16:48:17,354 | INFO | qtile.basefactory | ✅ Created object: CurrentLayout
2026-03-04 16:48:17,354 | INFO | qtile.basefactory | ✅ Created object: Sep
2026-03-04 16:48:17,354 | INFO | qtile.basefactory | ✅ Created object: Clock
2026-03-04 16:48:17,354 | INFO | qtile.basefactory | ✅ Created object: Sep
2026-03-04 16:48:17,354 | INFO | qtile.basefactory | ✅ Created object: Spacer
2026-03-04 16:48:17,354 | INFO | qtile.basefactory | ✅ Created object: Sep
2026-03-04 16:48:17,354 | INFO | qtile.basefactory | ✅ Created object: CPU
2026-03-04 16:48:17,354 | INFO | qtile.basefactory | ✅ Created object: Sep
2026-03-04 16:48:17,354 | INFO | qtile.basefactory | ✅ Created object: HDD
2026-03-04 16:48:17,355 | INFO | qtile.basefactory | ✅ Created object: Sep
2026-03-04 16:48:17,355 | INFO | qtile.basefactory | ✅ Created object: Memory
2026-03-04 16:48:57,393 | INFO | qtile.basefactory | ✅ Created object: Columns
2026-03-04 16:48:57,393 | INFO | qtile.basefactory | ✅ Created object: Max
2026-03-04 16:48:57,394 | INFO | qtile.basefactory | ✅ Created object: Tile
2026-03-04 16:48:57,394 | INFO | qtile.basefactory | ✅ Created object: Bsp
2026-03-04 16:48:57,394 | INFO | qtile.basefactory | ✅ Created object: GroupBox
2026-03-04 16:48:57,394 | INFO | qtile.basefactory | ✅ Created object: Prompt
2026-03-04 16:48:57,394 | INFO | qtile.basefactory | ✅ Created object: Sep
2026-03-04 16:48:57,394 | INFO | qtile.basefactory | ✅ Created object: CurrentLayout
2026-03-04 16:48:57,394 | INFO | qtile.basefactory | ✅ Created object: Sep
2026-03-04 16:48:57,394 | INFO | qtile.basefactory | ✅ Created object: Clock
2026-03-04 16:48:57,395 | INFO | qtile.basefactory | ✅ Created object: Sep
2026-03-04 16:48:57,395 | INFO | qtile.basefactory | ✅ Created object: Spacer
2026-03-04 16:48:57,395 | INFO | qtile.basefactory | ✅ Created object: Sep
2026-03-04 16:48:57,395 | INFO | qtile.basefactory | ✅ Created object: CPU
2026-03-04 16:48:57,395 | INFO | qtile.basefactory | ✅ Created object: Sep
2026-03-04 16:48:57,395 | INFO | qtile.basefactory | ✅ Created object: HDD
2026-03-04 16:48:57,395 | INFO | qtile.basefactory | ✅ Created object: Sep
2026-03-04 16:48:57,395 | INFO | qtile.basefactory | ✅ Created object: Memory
2026-03-04 16:48:57,409 | INFO | qtile.basefactory | ✅ Created object: Columns
2026-03-04 16:48:57,409 | INFO | qtile.basefactory | ✅ Created object: Max
2026-03-04 16:48:57,409 | INFO | qtile.basefactory | ✅ Created object: Tile
2026-03-04 16:48:57,409 | INFO | qtile.basefactory | ✅ Created object: Bsp
2026-03-04 16:48:57,409 | INFO | qtile.basefactory | ✅ Created object: GroupBox
2026-03-04 16:48:57,410 | INFO | qtile.basefactory | ✅ Created object: Prompt
2026-03-04 16:48:57,410 | INFO | qtile.basefactory | ✅ Created object: Sep
2026-03-04 16:48:57,410 | INFO | qtile.basefactory | ✅ Created object: CurrentLayout
2026-03-04 16:48:57,410 | INFO | qtile.basefactory | ✅ Created object: Sep
2026-03-04 16:48:57,410 | INFO | qtile.basefactory | ✅ Created object: Clock
2026-03-04 16:48:57,410 | INFO | qtile.basefactory | ✅ Created object: Sep
2026-03-04 16:48:57,410 | INFO | qtile.basefactory | ✅ Created object: Spacer
2026-03-04 16:48:57,410 | INFO | qtile.basefactory | ✅ Created object: Sep
2026-03-04 16:48:57,410 | INFO | qtile.basefactory | ✅ Created object: CPU
2026-03-04 16:48:57,410 | INFO | qtile.basefactory | ✅ Created object: Sep
2026-03-04 16:48:57,411 | INFO | qtile.basefactory | ✅ Created object: HDD
2026-03-04 16:48:57,411 | INFO | qtile.basefactory | ✅ Created object: Sep
2026-03-04 16:48:57,411 | INFO | qtile.basefactory | ✅ Created object: Memory
2026-03-04 16:51:54,111 | INFO | qtile.basefactory | ✅ Created object: Columns
2026-03-04 16:51:54,111 | INFO | qtile.basefactory | ✅ Created object: Max
2026-03-04 16:51:54,111 | INFO | qtile.basefactory | ✅ Created object: Tile
2026-03-04 16:51:54,111 | INFO | qtile.basefactory | ✅ Created object: Bsp
2026-03-04 16:51:54,112 | INFO | qtile.basefactory | ✅ Created object: GroupBox
2026-03-04 16:51:54,112 | INFO | qtile.basefactory | ✅ Created object: Prompt
2026-03-04 16:51:54,112 | INFO | qtile.basefactory | ✅ Created object: Sep
2026-03-04 16:51:54,112 | INFO | qtile.basefactory | ✅ Created object: CurrentLayout
2026-03-04 16:51:54,112 | INFO | qtile.basefactory | ✅ Created object: Sep
2026-03-04 16:51:54,112 | INFO | qtile.basefactory | ✅ Created object: Clock
2026-03-04 16:51:54,112 | INFO | qtile.basefactory | ✅ Created object: Sep
2026-03-04 16:51:54,112 | INFO | qtile.basefactory | ✅ Created object: Spacer
2026-03-04 16:51:54,112 | INFO | qtile.basefactory | ✅ Created object: Sep
2026-03-04 16:51:54,112 | INFO | qtile.basefactory | ✅ Created object: CPU
2026-03-04 16:51:54,112 | INFO | qtile.basefactory | ✅ Created object: Sep
2026-03-04 16:51:54,113 | INFO | qtile.basefactory | ✅ Created object: HDD
2026-03-04 16:51:54,113 | INFO | qtile.basefactory | ✅ Created object: Sep
2026-03-04 16:51:54,113 | INFO | qtile.basefactory | ✅ Created object: Memory
2026-03-04 16:51:54,128 | INFO | qtile.basefactory | ✅ Created object: Columns
2026-03-04 16:51:54,128 | INFO | qtile.basefactory | ✅ Created object: Max
2026-03-04 16:51:54,128 | INFO | qtile.basefactory | ✅ Created object: Tile
2026-03-04 16:51:54,128 | INFO | qtile.basefactory | ✅ Created object: Bsp
2026-03-04 16:51:54,128 | INFO | qtile.basefactory | ✅ Created object: GroupBox
2026-03-04 16:51:54,129 | INFO | qtile.basefactory | ✅ Created object: Prompt
2026-03-04 16:51:54,129 | INFO | qtile.basefactory | ✅ Created object: Sep
2026-03-04 16:51:54,129 | INFO | qtile.basefactory | ✅ Created object: CurrentLayout
2026-03-04 16:51:54,129 | INFO | qtile.basefactory | ✅ Created object: Sep
2026-03-04 16:51:54,129 | INFO | qtile.basefactory | ✅ Created object: Clock
2026-03-04 16:51:54,129 | INFO | qtile.basefactory | ✅ Created object: Sep
2026-03-04 16:51:54,129 | INFO | qtile.basefactory | ✅ Created object: Spacer
2026-03-04 16:51:54,129 | INFO | qtile.basefactory | ✅ Created object: Sep
2026-03-04 16:51:54,129 | INFO | qtile.basefactory | ✅ Created object: CPU
2026-03-04 16:51:54,129 | INFO | qtile.basefactory | ✅ Created object: Sep
2026-03-04 16:51:54,129 | INFO | qtile.basefactory | ✅ Created object: HDD
2026-03-04 16:51:54,129 | INFO | qtile.basefactory | ✅ Created object: Sep
2026-03-04 16:51:54,129 | INFO | qtile.basefactory | ✅ Created object: Memory
2026-03-04 16:57:59,354 | INFO | qtile.basefactory | ✅ Created object: Columns
2026-03-04 16:57:59,354 | INFO | qtile.basefactory | ✅ Created object: Max
2026-03-04 16:57:59,354 | INFO | qtile.basefactory | ✅ Created object: Tile
2026-03-04 16:57:59,354 | INFO | qtile.basefactory | ✅ Created object: Bsp
2026-03-04 16:57:59,354 | INFO | qtile.basefactory | ✅ Created object: GroupBox
2026-03-04 16:57:59,355 | INFO | qtile.basefactory | ✅ Created object: Prompt
2026-03-04 16:57:59,355 | INFO | qtile.basefactory | ✅ Created object: Sep
2026-03-04 16:57:59,355 | INFO | qtile.basefactory | ✅ Created object: CurrentLayout
2026-03-04 16:57:59,355 | INFO | qtile.basefactory | ✅ Created object: Sep
2026-03-04 16:57:59,355 | INFO | qtile.basefactory | ✅ Created object: Clock
2026-03-04 16:57:59,355 | INFO | qtile.basefactory | ✅ Created object: Sep
2026-03-04 16:57:59,355 | INFO | qtile.basefactory | ✅ Created object: Spacer
2026-03-04 16:57:59,355 | INFO | qtile.basefactory | ✅ Created object: Sep
2026-03-04 16:57:59,355 | INFO | qtile.basefactory | ✅ Created object: CPU
2026-03-04 16:57:59,355 | INFO | qtile.basefactory | ✅ Created object: Sep
2026-03-04 16:57:59,355 | INFO | qtile.basefactory | ✅ Created object: HDD
2026-03-04 16:57:59,355 | INFO | qtile.basefactory | ✅ Created object: Sep
2026-03-04 16:57:59,356 | INFO | qtile.basefactory | ✅ Created object: Memory
2026-03-04 16:57:59,368 | INFO | qtile.basefactory | ✅ Created object: Columns
2026-03-04 16:57:59,368 | INFO | qtile.basefactory | ✅ Created object: Max
2026-03-04 16:57:59,368 | INFO | qtile.basefactory | ✅ Created object: Tile
2026-03-04 16:57:59,369 | INFO | qtile.basefactory | ✅ Created object: Bsp
2026-03-04 16:57:59,369 | INFO | qtile.basefactory | ✅ Created object: GroupBox
2026-03-04 16:57:59,369 | INFO | qtile.basefactory | ✅ Created object: Prompt
2026-03-04 16:57:59,369 | INFO | qtile.basefactory | ✅ Created object: Sep
2026-03-04 16:57:59,369 | INFO | qtile.basefactory | ✅ Created object: CurrentLayout
2026-03-04 16:57:59,369 | INFO | qtile.basefactory | ✅ Created object: Sep
2026-03-04 16:57:59,369 | INFO | qtile.basefactory | ✅ Created object: Clock
2026-03-04 16:57:59,369 | INFO | qtile.basefactory | ✅ Created object: Sep
2026-03-04 16:57:59,369 | INFO | qtile.basefactory | ✅ Created object: Spacer
2026-03-04 16:57:59,370 | INFO | qtile.basefactory | ✅ Created object: Sep
2026-03-04 16:57:59,370 | INFO | qtile.basefactory | ✅ Created object: CPU
2026-03-04 16:57:59,370 | INFO | qtile.basefactory | ✅ Created object: Sep
2026-03-04 16:57:59,370 | INFO | qtile.basefactory | ✅ Created object: HDD
2026-03-04 16:57:59,370 | INFO | qtile.basefactory | ✅ Created object: Sep
2026-03-04 16:57:59,370 | INFO | qtile.basefactory | ✅ Created object: Memory
2026-03-04 17:03:11,585 | INFO | qtile.basefactory | ✅ Created object: Columns
2026-03-04 17:03:11,585 | INFO | qtile.basefactory | ✅ Created object: Max
2026-03-04 17:03:11,585 | INFO | qtile.basefactory | ✅ Created object: Tile
2026-03-04 17:03:11,586 | INFO | qtile.basefactory | ✅ Created object: Bsp
2026-03-04 17:03:11,586 | INFO | qtile.basefactory | ✅ Created object: GroupBox
2026-03-04 17:03:11,586 | INFO | qtile.basefactory | ✅ Created object: Prompt
2026-03-04 17:03:11,586 | INFO | qtile.basefactory | ✅ Created object: Sep
2026-03-04 17:03:11,586 | INFO | qtile.basefactory | ✅ Created object: CurrentLayout
2026-03-04 17:03:11,586 | INFO | qtile.basefactory | ✅ Created object: Sep
2026-03-04 17:03:11,586 | INFO | qtile.basefactory | ✅ Created object: Clock
2026-03-04 17:03:11,586 | INFO | qtile.basefactory | ✅ Created object: Sep
2026-03-04 17:03:11,586 | INFO | qtile.basefactory | ✅ Created object: Spacer
2026-03-04 17:03:11,587 | INFO | qtile.basefactory | ✅ Created object: Sep
2026-03-04 17:03:11,587 | INFO | qtile.basefactory | ✅ Created object: CPU
2026-03-04 17:03:11,587 | INFO | qtile.basefactory | ✅ Created object: Sep
2026-03-04 17:03:11,587 | INFO | qtile.basefactory | ✅ Created object: HDD
2026-03-04 17:03:11,587 | INFO | qtile.basefactory | ✅ Created object: Sep
2026-03-04 17:03:11,587 | INFO | qtile.basefactory | ✅ Created object: Memory
2026-03-04 17:03:11,600 | INFO | qtile.basefactory | ✅ Created object: Columns
2026-03-04 17:03:11,600 | INFO | qtile.basefactory | ✅ Created object: Max
2026-03-04 17:03:11,600 | INFO | qtile.basefactory | ✅ Created object: Tile
2026-03-04 17:03:11,600 | INFO | qtile.basefactory | ✅ Created object: Bsp
2026-03-04 17:03:11,600 | INFO | qtile.basefactory | ✅ Created object: GroupBox
2026-03-04 17:03:11,601 | INFO | qtile.basefactory | ✅ Created object: Prompt
2026-03-04 17:03:11,601 | INFO | qtile.basefactory | ✅ Created object: Sep
2026-03-04 17:03:11,601 | INFO | qtile.basefactory | ✅ Created object: CurrentLayout
2026-03-04 17:03:11,601 | INFO | qtile.basefactory | ✅ Created object: Sep
2026-03-04 17:03:11,601 | INFO | qtile.basefactory | ✅ Created object: Clock
2026-03-04 17:03:11,601 | INFO | qtile.basefactory | ✅ Created object: Sep
2026-03-04 17:03:11,601 | INFO | qtile.basefactory | ✅ Created object: Spacer
2026-03-04 17:03:11,601 | INFO | qtile.basefactory | ✅ Created object: Sep
2026-03-04 17:03:11,601 | INFO | qtile.basefactory | ✅ Created object: CPU
2026-03-04 17:03:11,601 | INFO | qtile.basefactory | ✅ Created object: Sep
2026-03-04 17:03:11,601 | INFO | qtile.basefactory | ✅ Created object: HDD
2026-03-04 17:03:11,602 | INFO | qtile.basefactory | ✅ Created object: Sep
2026-03-04 17:03:11,602 | INFO | qtile.basefactory | ✅ Created object: Memory
2026-03-04 17:03:59,954 | INFO | qtile.basefactory | ✅ Created object: Columns
2026-03-04 17:03:59,955 | INFO | qtile.basefactory | ✅ Created object: Max
2026-03-04 17:03:59,955 | INFO | qtile.basefactory | ✅ Created object: Tile
2026-03-04 17:03:59,955 | INFO | qtile.basefactory | ✅ Created object: Bsp
2026-03-04 17:03:59,955 | INFO | qtile.basefactory | ✅ Created object: GroupBox
2026-03-04 17:03:59,955 | INFO | qtile.basefactory | ✅ Created object: Prompt
2026-03-04 17:03:59,955 | INFO | qtile.basefactory | ✅ Created object: Sep
2026-03-04 17:03:59,956 | INFO | qtile.basefactory | ✅ Created object: CurrentLayout
2026-03-04 17:03:59,956 | INFO | qtile.basefactory | ✅ Created object: Sep
2026-03-04 17:03:59,956 | INFO | qtile.basefactory | ✅ Created object: Clock
2026-03-04 17:03:59,956 | INFO | qtile.basefactory | ✅ Created object: Sep
2026-03-04 17:03:59,956 | INFO | qtile.basefactory | ✅ Created object: Spacer
2026-03-04 17:03:59,956 | INFO | qtile.basefactory | ✅ Created object: Sep
2026-03-04 17:03:59,956 | INFO | qtile.basefactory | ✅ Created object: CPU
2026-03-04 17:03:59,956 | INFO | qtile.basefactory | ✅ Created object: Sep
2026-03-04 17:03:59,956 | INFO | qtile.basefactory | ✅ Created object: HDD
2026-03-04 17:03:59,956 | INFO | qtile.basefactory | ✅ Created object: Sep
2026-03-04 17:03:59,956 | INFO | qtile.basefactory | ✅ Created object: Memory
2026-03-04 17:03:59,970 | INFO | qtile.basefactory | ✅ Created object: Columns
2026-03-04 17:03:59,970 | INFO | qtile.basefactory | ✅ Created object: Max
2026-03-04 17:03:59,970 | INFO | qtile.basefactory | ✅ Created object: Tile
2026-03-04 17:03:59,970 | INFO | qtile.basefactory | ✅ Created object: Bsp
2026-03-04 17:03:59,970 | INFO | qtile.basefactory | ✅ Created object: GroupBox
2026-03-04 17:03:59,970 | INFO | qtile.basefactory | ✅ Created object: Prompt
2026-03-04 17:03:59,971 | INFO | qtile.basefactory | ✅ Created object: Sep
2026-03-04 17:03:59,971 | INFO | qtile.basefactory | ✅ Created object: CurrentLayout
2026-03-04 17:03:59,971 | INFO | qtile.basefactory | ✅ Created object: Sep
2026-03-04 17:03:59,971 | INFO | qtile.basefactory | ✅ Created object: Clock
2026-03-04 17:03:59,971 | INFO | qtile.basefactory | ✅ Created object: Sep
2026-03-04 17:03:59,971 | INFO | qtile.basefactory | ✅ Created object: Spacer
2026-03-04 17:03:59,971 | INFO | qtile.basefactory | ✅ Created object: Sep
2026-03-04 17:03:59,971 | INFO | qtile.basefactory | ✅ Created object: CPU
2026-03-04 17:03:59,971 | INFO | qtile.basefactory | ✅ Created object: Sep
2026-03-04 17:03:59,971 | INFO | qtile.basefactory | ✅ Created object: HDD
2026-03-04 17:03:59,971 | INFO | qtile.basefactory | ✅ Created object: Sep
2026-03-04 17:03:59,971 | INFO | qtile.basefactory | ✅ Created object: Memory
2026-03-04 17:05:29,551 | INFO | qtile.basefactory | ✅ Created object: Columns
2026-03-04 17:05:29,551 | INFO | qtile.basefactory | ✅ Created object: Max
2026-03-04 17:05:29,551 | INFO | qtile.basefactory | ✅ Created object: Tile
2026-03-04 17:05:29,551 | INFO | qtile.basefactory | ✅ Created object: Bsp
2026-03-04 17:05:29,552 | INFO | qtile.basefactory | ✅ Created object: GroupBox
2026-03-04 17:05:29,552 | INFO | qtile.basefactory | ✅ Created object: Prompt
2026-03-04 17:05:29,552 | INFO | qtile.basefactory | ✅ Created object: Sep
2026-03-04 17:05:29,552 | INFO | qtile.basefactory | ✅ Created object: CurrentLayout
2026-03-04 17:05:29,552 | INFO | qtile.basefactory | ✅ Created object: Sep
2026-03-04 17:05:29,552 | INFO | qtile.basefactory | ✅ Created object: Clock
2026-03-04 17:05:29,552 | INFO | qtile.basefactory | ✅ Created object: Sep
2026-03-04 17:05:29,552 | INFO | qtile.basefactory | ✅ Created object: Spacer
2026-03-04 17:05:29,552 | INFO | qtile.basefactory | ✅ Created object: Sep
2026-03-04 17:05:29,552 | INFO | qtile.basefactory | ✅ Created object: CPU
2026-03-04 17:05:29,552 | INFO | qtile.basefactory | ✅ Created object: Sep
2026-03-04 17:05:29,552 | INFO | qtile.basefactory | ✅ Created object: HDD
2026-03-04 17:05:29,552 | INFO | qtile.basefactory | ✅ Created object: Sep
2026-03-04 17:05:29,553 | INFO | qtile.basefactory | ✅ Created object: Memory
2026-03-04 17:05:29,565 | INFO | qtile.basefactory | ✅ Created object: Columns
2026-03-04 17:05:29,566 | INFO | qtile.basefactory | ✅ Created object: Max
2026-03-04 17:05:29,566 | INFO | qtile.basefactory | ✅ Created object: Tile
2026-03-04 17:05:29,566 | INFO | qtile.basefactory | ✅ Created object: Bsp
2026-03-04 17:05:29,566 | INFO | qtile.basefactory | ✅ Created object: GroupBox
2026-03-04 17:05:29,566 | INFO | qtile.basefactory | ✅ Created object: Prompt
2026-03-04 17:05:29,566 | INFO | qtile.basefactory | ✅ Created object: Sep
2026-03-04 17:05:29,566 | INFO | qtile.basefactory | ✅ Created object: CurrentLayout
2026-03-04 17:05:29,566 | INFO | qtile.basefactory | ✅ Created object: Sep
2026-03-04 17:05:29,567 | INFO | qtile.basefactory | ✅ Created object: Clock
2026-03-04 17:05:29,567 | INFO | qtile.basefactory | ✅ Created object: Sep
2026-03-04 17:05:29,567 | INFO | qtile.basefactory | ✅ Created object: Spacer
2026-03-04 17:05:29,567 | INFO | qtile.basefactory | ✅ Created object: Sep
2026-03-04 17:05:29,567 | INFO | qtile.basefactory | ✅ Created object: CPU
2026-03-04 17:05:29,567 | INFO | qtile.basefactory | ✅ Created object: Sep
2026-03-04 17:05:29,567 | INFO | qtile.basefactory | ✅ Created object: HDD
2026-03-04 17:05:29,567 | INFO | qtile.basefactory | ✅ Created object: Sep
2026-03-04 17:05:29,567 | INFO | qtile.basefactory | ✅ Created object: Memory
2026-03-04 17:10:06,898 | INFO | qtile.basefactory | ✅ Created object: Columns
2026-03-04 17:10:06,898 | INFO | qtile.basefactory | ✅ Created object: Max
2026-03-04 17:10:06,898 | INFO | qtile.basefactory | ✅ Created object: Tile
2026-03-04 17:10:06,898 | INFO | qtile.basefactory | ✅ Created object: Bsp
2026-03-04 17:10:06,900 | INFO | qtile.basefactory | ✅ Created object: GroupBox
2026-03-04 17:10:06,900 | INFO | qtile.basefactory | ✅ Created object: Prompt
2026-03-04 17:10:06,900 | INFO | qtile.basefactory | ✅ Created object: Sep
2026-03-04 17:10:06,900 | INFO | qtile.basefactory | ✅ Created object: CurrentLayout
2026-03-04 17:10:06,900 | INFO | qtile.basefactory | ✅ Created object: Sep
2026-03-04 17:10:06,900 | INFO | qtile.basefactory | ✅ Created object: Clock
2026-03-04 17:10:06,900 | INFO | qtile.basefactory | ✅ Created object: Sep
2026-03-04 17:10:06,900 | INFO | qtile.basefactory | ✅ Created object: Spacer
2026-03-04 17:10:06,900 | INFO | qtile.basefactory | ✅ Created object: Sep
2026-03-04 17:10:06,900 | INFO | qtile.basefactory | ✅ Created object: CPU
2026-03-04 17:10:06,901 | INFO | qtile.basefactory | ✅ Created object: Sep
2026-03-04 17:10:06,903 | INFO | qtile.basefactory | ✅ Created object: HDD
2026-03-04 17:10:06,903 | INFO | qtile.basefactory | ✅ Created object: Sep
2026-03-04 17:10:06,903 | INFO | qtile.basefactory | ✅ Created object: Memory
2026-03-04 17:10:06,915 | INFO | qtile.basefactory | ✅ Created object: Columns
2026-03-04 17:10:06,915 | INFO | qtile.basefactory | ✅ Created object: Max
2026-03-04 17:10:06,915 | INFO | qtile.basefactory | ✅ Created object: Tile
2026-03-04 17:10:06,916 | INFO | qtile.basefactory | ✅ Created object: Bsp
2026-03-04 17:10:06,916 | INFO | qtile.basefactory | ✅ Created object: GroupBox
2026-03-04 17:10:06,916 | INFO | qtile.basefactory | ✅ Created object: Prompt
2026-03-04 17:10:06,916 | INFO | qtile.basefactory | ✅ Created object: Sep
2026-03-04 17:10:06,916 | INFO | qtile.basefactory | ✅ Created object: CurrentLayout
2026-03-04 17:10:06,916 | INFO | qtile.basefactory | ✅ Created object: Sep
2026-03-04 17:10:06,916 | INFO | qtile.basefactory | ✅ Created object: Clock
2026-03-04 17:10:06,916 | INFO | qtile.basefactory | ✅ Created object: Sep
2026-03-04 17:10:06,917 | INFO | qtile.basefactory | ✅ Created object: Spacer
2026-03-04 17:10:06,917 | INFO | qtile.basefactory | ✅ Created object: Sep
2026-03-04 17:10:06,917 | INFO | qtile.basefactory | ✅ Created object: CPU
2026-03-04 17:10:06,917 | INFO | qtile.basefactory | ✅ Created object: Sep
2026-03-04 17:10:06,917 | INFO | qtile.basefactory | ✅ Created object: HDD
2026-03-04 17:10:06,917 | INFO | qtile.basefactory | ✅ Created object: Sep
2026-03-04 17:10:06,917 | INFO | qtile.basefactory | ✅ Created object: Memory
2026-03-04 17:59:33,005 | INFO | qtile.basefactory | ✅ Created object: Columns
2026-03-04 17:59:33,005 | INFO | qtile.basefactory | ✅ Created object: Max
2026-03-04 17:59:33,005 | INFO | qtile.basefactory | ✅ Created object: Tile
2026-03-04 17:59:33,005 | INFO | qtile.basefactory | ✅ Created object: Bsp
2026-03-04 17:59:33,015 | INFO | qtile.basefactory | ✅ Created object: GroupBox
2026-03-04 17:59:33,015 | INFO | qtile.basefactory | ✅ Created object: Prompt
2026-03-04 17:59:33,015 | INFO | qtile.basefactory | ✅ Created object: Sep
2026-03-04 17:59:33,015 | INFO | qtile.basefactory | ✅ Created object: CurrentLayout
2026-03-04 17:59:33,015 | INFO | qtile.basefactory | ✅ Created object: Sep
2026-03-04 17:59:33,015 | INFO | qtile.basefactory | ✅ Created object: Clock
2026-03-04 17:59:33,015 | INFO | qtile.basefactory | ✅ Created object: Sep
2026-03-04 17:59:33,015 | INFO | qtile.basefactory | ✅ Created object: Spacer
2026-03-04 17:59:33,015 | INFO | qtile.basefactory | ✅ Created object: Sep
2026-03-04 17:59:33,015 | INFO | qtile.basefactory | ✅ Created object: CPU
2026-03-04 17:59:33,015 | INFO | qtile.basefactory | ✅ Created object: Sep
2026-03-04 17:59:33,015 | INFO | qtile.basefactory | ✅ Created object: HDD
2026-03-04 17:59:33,015 | INFO | qtile.basefactory | ✅ Created object: Sep
2026-03-04 17:59:33,016 | INFO | qtile.basefactory | ✅ Created object: Memory
2026-03-04 18:00:03,301 | INFO | qtile.basefactory | ✅ Created object: Columns
2026-03-04 18:00:03,301 | INFO | qtile.basefactory | ✅ Created object: Max
2026-03-04 18:00:03,301 | INFO | qtile.basefactory | ✅ Created object: Tile
2026-03-04 18:00:03,301 | INFO | qtile.basefactory | ✅ Created object: Bsp
2026-03-04 18:00:03,301 | INFO | qtile.basefactory | ✅ Created object: GroupBox
2026-03-04 18:00:03,302 | INFO | qtile.basefactory | ✅ Created object: Prompt
2026-03-04 18:00:03,302 | INFO | qtile.basefactory | ✅ Created object: Sep
2026-03-04 18:00:03,302 | INFO | qtile.basefactory | ✅ Created object: CurrentLayout
2026-03-04 18:00:03,302 | INFO | qtile.basefactory | ✅ Created object: Sep
2026-03-04 18:00:03,302 | INFO | qtile.basefactory | ✅ Created object: Clock
2026-03-04 18:00:03,302 | INFO | qtile.basefactory | ✅ Created object: Sep
2026-03-04 18:00:03,303 | INFO | qtile.basefactory | ✅ Created object: Spacer
2026-03-04 18:00:03,303 | INFO | qtile.basefactory | ✅ Created object: Sep
2026-03-04 18:00:03,303 | INFO | qtile.basefactory | ✅ Created object: CPU
2026-03-04 18:00:03,303 | INFO | qtile.basefactory | ✅ Created object: Sep
2026-03-04 18:00:03,303 | INFO | qtile.basefactory | ✅ Created object: HDD
2026-03-04 18:00:03,303 | INFO | qtile.basefactory | ✅ Created object: Sep
2026-03-04 18:00:03,303 | INFO | qtile.basefactory | ✅ Created object: Memory
2026-03-04 18:00:03,316 | INFO | qtile.basefactory | ✅ Created object: Columns
2026-03-04 18:00:03,316 | INFO | qtile.basefactory | ✅ Created object: Max
2026-03-04 18:00:03,316 | INFO | qtile.basefactory | ✅ Created object: Tile
2026-03-04 18:00:03,317 | INFO | qtile.basefactory | ✅ Created object: Bsp
2026-03-04 18:00:03,317 | INFO | qtile.basefactory | ✅ Created object: GroupBox
2026-03-04 18:00:03,317 | INFO | qtile.basefactory | ✅ Created object: Prompt
2026-03-04 18:00:03,317 | INFO | qtile.basefactory | ✅ Created object: Sep
2026-03-04 18:00:03,317 | INFO | qtile.basefactory | ✅ Created object: CurrentLayout
2026-03-04 18:00:03,318 | INFO | qtile.basefactory | ✅ Created object: Sep
2026-03-04 18:00:03,318 | INFO | qtile.basefactory | ✅ Created object: Clock
2026-03-04 18:00:03,318 | INFO | qtile.basefactory | ✅ Created object: Sep
2026-03-04 18:00:03,318 | INFO | qtile.basefactory | ✅ Created object: Spacer
2026-03-04 18:00:03,318 | INFO | qtile.basefactory | ✅ Created object: Sep
2026-03-04 18:00:03,318 | INFO | qtile.basefactory | ✅ Created object: CPU
2026-03-04 18:00:03,318 | INFO | qtile.basefactory | ✅ Created object: Sep
2026-03-04 18:00:03,318 | INFO | qtile.basefactory | ✅ Created object: HDD
2026-03-04 18:00:03,318 | INFO | qtile.basefactory | ✅ Created object: Sep
2026-03-04 18:00:03,318 | INFO | qtile.basefactory | ✅ Created object: Memory
2026-03-04 18:06:31,158 | INFO | qtile.basefactory | ✅ Created object: Columns
2026-03-04 18:06:31,158 | INFO | qtile.basefactory | ✅ Created object: Max
2026-03-04 18:06:31,158 | INFO | qtile.basefactory | ✅ Created object: Tile
2026-03-04 18:06:31,159 | INFO | qtile.basefactory | ✅ Created object: Bsp
2026-03-04 18:06:31,159 | INFO | qtile.basefactory | ✅ Created object: GroupBox
2026-03-04 18:06:31,159 | INFO | qtile.basefactory | ✅ Created object: Prompt
2026-03-04 18:06:31,159 | INFO | qtile.basefactory | ✅ Created object: Sep
2026-03-04 18:06:31,159 | INFO | qtile.basefactory | ✅ Created object: CurrentLayout
2026-03-04 18:06:31,159 | INFO | qtile.basefactory | ✅ Created object: Sep
2026-03-04 18:06:31,159 | INFO | qtile.basefactory | ✅ Created object: Clock
2026-03-04 18:06:31,159 | INFO | qtile.basefactory | ✅ Created object: Sep
2026-03-04 18:06:31,159 | INFO | qtile.basefactory | ✅ Created object: Spacer
2026-03-04 18:06:31,160 | INFO | qtile.basefactory | ✅ Created object: Sep
2026-03-04 18:06:31,160 | INFO | qtile.basefactory | ✅ Created object: CPU
2026-03-04 18:06:31,160 | INFO | qtile.basefactory | ✅ Created object: Sep
2026-03-04 18:06:31,160 | INFO | qtile.basefactory | ✅ Created object: HDD
2026-03-04 18:06:31,160 | INFO | qtile.basefactory | ✅ Created object: Sep
2026-03-04 18:06:31,160 | INFO | qtile.basefactory | ✅ Created object: Memory
2026-03-04 18:06:31,176 | INFO | qtile.basefactory | ✅ Created object: Columns
2026-03-04 18:06:31,176 | INFO | qtile.basefactory | ✅ Created object: Max
2026-03-04 18:06:31,176 | INFO | qtile.basefactory | ✅ Created object: Tile
2026-03-04 18:06:31,176 | INFO | qtile.basefactory | ✅ Created object: Bsp
2026-03-04 18:06:31,176 | INFO | qtile.basefactory | ✅ Created object: GroupBox
2026-03-04 18:06:31,176 | INFO | qtile.basefactory | ✅ Created object: Prompt
2026-03-04 18:06:31,177 | INFO | qtile.basefactory | ✅ Created object: Sep
2026-03-04 18:06:31,177 | INFO | qtile.basefactory | ✅ Created object: CurrentLayout
2026-03-04 18:06:31,177 | INFO | qtile.basefactory | ✅ Created object: Sep
2026-03-04 18:06:31,177 | INFO | qtile.basefactory | ✅ Created object: Clock
2026-03-04 18:06:31,177 | INFO | qtile.basefactory | ✅ Created object: Sep
2026-03-04 18:06:31,177 | INFO | qtile.basefactory | ✅ Created object: Spacer
2026-03-04 18:06:31,177 | INFO | qtile.basefactory | ✅ Created object: Sep
2026-03-04 18:06:31,177 | INFO | qtile.basefactory | ✅ Created object: CPU
2026-03-04 18:06:31,177 | INFO | qtile.basefactory | ✅ Created object: Sep
2026-03-04 18:06:31,177 | INFO | qtile.basefactory | ✅ Created object: HDD
2026-03-04 18:06:31,177 | INFO | qtile.basefactory | ✅ Created object: Sep
2026-03-04 18:06:31,177 | INFO | qtile.basefactory | ✅ Created object: Memory
2026-03-04 18:09:55,023 | INFO | qtile.basefactory | ✅ Created object: Columns
2026-03-04 18:09:55,023 | INFO | qtile.basefactory | ✅ Created object: Max
2026-03-04 18:09:55,023 | INFO | qtile.basefactory | ✅ Created object: Tile
2026-03-04 18:09:55,023 | INFO | qtile.basefactory | ✅ Created object: Bsp
2026-03-04 18:09:55,023 | INFO | qtile.basefactory | ✅ Created object: GroupBox
2026-03-04 18:09:55,023 | INFO | qtile.basefactory | ✅ Created object: Prompt
2026-03-04 18:09:55,024 | INFO | qtile.basefactory | ✅ Created object: Sep
2026-03-04 18:09:55,024 | INFO | qtile.basefactory | ✅ Created object: CurrentLayout
2026-03-04 18:09:55,024 | INFO | qtile.basefactory | ✅ Created object: Sep
2026-03-04 18:09:55,024 | INFO | qtile.basefactory | ✅ Created object: Clock
2026-03-04 18:09:55,024 | INFO | qtile.basefactory | ✅ Created object: Sep
2026-03-04 18:09:55,024 | INFO | qtile.basefactory | ✅ Created object: Spacer
2026-03-04 18:09:55,024 | INFO | qtile.basefactory | ✅ Created object: Sep
2026-03-04 18:09:55,024 | INFO | qtile.basefactory | ✅ Created object: CPU
2026-03-04 18:09:55,024 | INFO | qtile.basefactory | ✅ Created object: Sep
2026-03-04 18:09:55,024 | INFO | qtile.basefactory | ✅ Created object: HDD
2026-03-04 18:09:55,024 | INFO | qtile.basefactory | ✅ Created object: Sep
2026-03-04 18:09:55,024 | INFO | qtile.basefactory | ✅ Created object: Memory
2026-03-04 18:09:55,036 | INFO | qtile.basefactory | ✅ Created object: Columns
2026-03-04 18:09:55,037 | INFO | qtile.basefactory | ✅ Created object: Max
2026-03-04 18:09:55,037 | INFO | qtile.basefactory | ✅ Created object: Tile
2026-03-04 18:09:55,037 | INFO | qtile.basefactory | ✅ Created object: Bsp
2026-03-04 18:09:55,037 | INFO | qtile.basefactory | ✅ Created object: GroupBox
2026-03-04 18:09:55,037 | INFO | qtile.basefactory | ✅ Created object: Prompt
2026-03-04 18:09:55,037 | INFO | qtile.basefactory | ✅ Created object: Sep
2026-03-04 18:09:55,038 | INFO | qtile.basefactory | ✅ Created object: CurrentLayout
2026-03-04 18:09:55,038 | INFO | qtile.basefactory | ✅ Created object: Sep
2026-03-04 18:09:55,038 | INFO | qtile.basefactory | ✅ Created object: Clock
2026-03-04 18:09:55,038 | INFO | qtile.basefactory | ✅ Created object: Sep
2026-03-04 18:09:55,038 | INFO | qtile.basefactory | ✅ Created object: Spacer
2026-03-04 18:09:55,038 | INFO | qtile.basefactory | ✅ Created object: Sep
2026-03-04 18:09:55,038 | INFO | qtile.basefactory | ✅ Created object: CPU
2026-03-04 18:09:55,038 | INFO | qtile.basefactory | ✅ Created object: Sep
2026-03-04 18:09:55,038 | INFO | qtile.basefactory | ✅ Created object: HDD
2026-03-04 18:09:55,038 | INFO | qtile.basefactory | ✅ Created object: Sep
2026-03-04 18:09:55,038 | INFO | qtile.basefactory | ✅ Created object: Memory
2026-03-04 18:14:05,083 | INFO | qtile.basefactory | ✅ Created object: Columns
2026-03-04 18:14:05,083 | INFO | qtile.basefactory | ✅ Created object: Max
2026-03-04 18:14:05,083 | INFO | qtile.basefactory | ✅ Created object: Tile
2026-03-04 18:14:05,083 | INFO | qtile.basefactory | ✅ Created object: Bsp
2026-03-04 18:14:05,084 | INFO | qtile.basefactory | ✅ Created object: GroupBox
2026-03-04 18:14:05,084 | INFO | qtile.basefactory | ✅ Created object: Prompt
2026-03-04 18:14:05,084 | INFO | qtile.basefactory | ✅ Created object: Sep
2026-03-04 18:14:05,084 | INFO | qtile.basefactory | ✅ Created object: CurrentLayout
2026-03-04 18:14:05,084 | INFO | qtile.basefactory | ✅ Created object: Sep
2026-03-04 18:14:05,085 | INFO | qtile.basefactory | ✅ Created object: Clock
2026-03-04 18:14:05,085 | INFO | qtile.basefactory | ✅ Created object: Sep
2026-03-04 18:14:05,085 | INFO | qtile.basefactory | ✅ Created object: Spacer
2026-03-04 18:14:05,085 | INFO | qtile.basefactory | ✅ Created object: Sep
2026-03-04 18:14:05,085 | INFO | qtile.basefactory | ✅ Created object: CPU
2026-03-04 18:14:05,085 | INFO | qtile.basefactory | ✅ Created object: Sep
2026-03-04 18:14:05,085 | INFO | qtile.basefactory | ✅ Created object: HDD
2026-03-04 18:14:05,085 | INFO | qtile.basefactory | ✅ Created object: Sep
2026-03-04 18:14:05,085 | INFO | qtile.basefactory | ✅ Created object: Memory
2026-03-04 18:14:05,098 | INFO | qtile.basefactory | ✅ Created object: Columns
2026-03-04 18:14:05,098 | INFO | qtile.basefactory | ✅ Created object: Max
2026-03-04 18:14:05,098 | INFO | qtile.basefactory | ✅ Created object: Tile
2026-03-04 18:14:05,098 | INFO | qtile.basefactory | ✅ Created object: Bsp
2026-03-04 18:14:05,099 | INFO | qtile.basefactory | ✅ Created object: GroupBox
2026-03-04 18:14:05,099 | INFO | qtile.basefactory | ✅ Created object: Prompt
2026-03-04 18:14:05,099 | INFO | qtile.basefactory | ✅ Created object: Sep
2026-03-04 18:14:05,099 | INFO | qtile.basefactory | ✅ Created object: CurrentLayout
2026-03-04 18:14:05,099 | INFO | qtile.basefactory | ✅ Created object: Sep
2026-03-04 18:14:05,099 | INFO | qtile.basefactory | ✅ Created object: Clock
2026-03-04 18:14:05,099 | INFO | qtile.basefactory | ✅ Created object: Sep
2026-03-04 18:14:05,099 | INFO | qtile.basefactory | ✅ Created object: Spacer
2026-03-04 18:14:05,099 | INFO | qtile.basefactory | ✅ Created object: Sep
2026-03-04 18:14:05,100 | INFO | qtile.basefactory | ✅ Created object: CPU
2026-03-04 18:14:05,100 | INFO | qtile.basefactory | ✅ Created object: Sep
2026-03-04 18:14:05,100 | INFO | qtile.basefactory | ✅ Created object: HDD
2026-03-04 18:14:05,100 | INFO | qtile.basefactory | ✅ Created object: Sep
2026-03-04 18:14:05,100 | INFO | qtile.basefactory | ✅ Created object: Memory
2026-03-04 18:14:29,103 | INFO | qtile.basefactory | ✅ Created object: Columns
2026-03-04 18:14:29,103 | INFO | qtile.basefactory | ✅ Created object: Max
2026-03-04 18:14:29,104 | INFO | qtile.basefactory | ✅ Created object: Tile
2026-03-04 18:14:29,104 | INFO | qtile.basefactory | ✅ Created object: Bsp
2026-03-04 18:14:29,113 | INFO | qtile.basefactory | ✅ Created object: GroupBox
2026-03-04 18:14:29,114 | INFO | qtile.basefactory | ✅ Created object: Prompt
2026-03-04 18:14:29,114 | INFO | qtile.basefactory | ✅ Created object: Sep
2026-03-04 18:14:29,114 | INFO | qtile.basefactory | ✅ Created object: CurrentLayout
2026-03-04 18:14:29,114 | INFO | qtile.basefactory | ✅ Created object: Sep
2026-03-04 18:14:29,114 | INFO | qtile.basefactory | ✅ Created object: Clock
2026-03-04 18:14:29,114 | INFO | qtile.basefactory | ✅ Created object: Sep
2026-03-04 18:14:29,114 | INFO | qtile.basefactory | ✅ Created object: Spacer
2026-03-04 18:14:29,114 | INFO | qtile.basefactory | ✅ Created object: Sep
2026-03-04 18:14:29,114 | INFO | qtile.basefactory | ✅ Created object: CPU
2026-03-04 18:14:29,115 | INFO | qtile.basefactory | ✅ Created object: Sep
2026-03-04 18:14:29,115 | INFO | qtile.basefactory | ✅ Created object: HDD
2026-03-04 18:14:29,115 | INFO | qtile.basefactory | ✅ Created object: Sep
2026-03-04 18:14:29,115 | INFO | qtile.basefactory | ✅ Created object: Memory
2026-03-04 18:21:11,798 | INFO | qtile.basefactory | ✅ Created object: Columns
2026-03-04 18:21:11,798 | INFO | qtile.basefactory | ✅ Created object: Max
2026-03-04 18:21:11,798 | INFO | qtile.basefactory | ✅ Created object: Tile
2026-03-04 18:21:11,798 | INFO | qtile.basefactory | ✅ Created object: Bsp
2026-03-04 18:21:11,799 | INFO | qtile.basefactory | ✅ Created object: GroupBox
2026-03-04 18:21:11,799 | INFO | qtile.basefactory | ✅ Created object: Prompt
2026-03-04 18:21:11,799 | INFO | qtile.basefactory | ✅ Created object: Sep
2026-03-04 18:21:11,799 | INFO | qtile.basefactory | ✅ Created object: CurrentLayout
2026-03-04 18:21:11,799 | INFO | qtile.basefactory | ✅ Created object: Sep
2026-03-04 18:21:11,799 | INFO | qtile.basefactory | ✅ Created object: Clock
2026-03-04 18:21:11,799 | INFO | qtile.basefactory | ✅ Created object: Sep
2026-03-04 18:21:11,799 | INFO | qtile.basefactory | ✅ Created object: Spacer
2026-03-04 18:21:11,799 | INFO | qtile.basefactory | ✅ Created object: Sep
2026-03-04 18:21:11,800 | INFO | qtile.basefactory | ✅ Created object: CPU
2026-03-04 18:21:11,800 | INFO | qtile.basefactory | ✅ Created object: Sep
2026-03-04 18:21:11,800 | INFO | qtile.basefactory | ✅ Created object: HDD
2026-03-04 18:21:11,800 | INFO | qtile.basefactory | ✅ Created object: Sep
2026-03-04 18:21:11,800 | INFO | qtile.basefactory | ✅ Created object: Memory
2026-03-04 18:21:11,813 | INFO | qtile.basefactory | ✅ Created object: Columns
2026-03-04 18:21:11,813 | INFO | qtile.basefactory | ✅ Created object: Max
2026-03-04 18:21:11,813 | INFO | qtile.basefactory | ✅ Created object: Tile
2026-03-04 18:21:11,814 | INFO | qtile.basefactory | ✅ Created object: Bsp
2026-03-04 18:21:11,814 | INFO | qtile.basefactory | ✅ Created object: GroupBox
2026-03-04 18:21:11,814 | INFO | qtile.basefactory | ✅ Created object: Prompt
2026-03-04 18:21:11,814 | INFO | qtile.basefactory | ✅ Created object: Sep
2026-03-04 18:21:11,814 | INFO | qtile.basefactory | ✅ Created object: CurrentLayout
2026-03-04 18:21:11,814 | INFO | qtile.basefactory | ✅ Created object: Sep
2026-03-04 18:21:11,814 | INFO | qtile.basefactory | ✅ Created object: Clock
2026-03-04 18:21:11,814 | INFO | qtile.basefactory | ✅ Created object: Sep
2026-03-04 18:21:11,815 | INFO | qtile.basefactory | ✅ Created object: Spacer
2026-03-04 18:21:11,815 | INFO | qtile.basefactory | ✅ Created object: Sep
2026-03-04 18:21:11,815 | INFO | qtile.basefactory | ✅ Created object: CPU
2026-03-04 18:21:11,815 | INFO | qtile.basefactory | ✅ Created object: Sep
2026-03-04 18:21:11,815 | INFO | qtile.basefactory | ✅ Created object: HDD
2026-03-04 18:21:11,815 | INFO | qtile.basefactory | ✅ Created object: Sep
2026-03-04 18:21:11,815 | INFO | qtile.basefactory | ✅ Created object: Memory
2026-03-04 18:23:59,756 | INFO | qtile.basefactory | ✅ Created object: Columns
2026-03-04 18:23:59,756 | INFO | qtile.basefactory | ✅ Created object: Max
2026-03-04 18:23:59,756 | INFO | qtile.basefactory | ✅ Created object: Tile
2026-03-04 18:23:59,756 | INFO | qtile.basefactory | ✅ Created object: Bsp
2026-03-04 18:23:59,756 | INFO | qtile.basefactory | ✅ Created object: GroupBox
2026-03-04 18:23:59,757 | INFO | qtile.basefactory | ✅ Created object: Prompt
2026-03-04 18:23:59,757 | INFO | qtile.basefactory | ✅ Created object: Sep
2026-03-04 18:23:59,757 | INFO | qtile.basefactory | ✅ Created object: CurrentLayout
2026-03-04 18:23:59,757 | INFO | qtile.basefactory | ✅ Created object: Sep
2026-03-04 18:23:59,757 | INFO | qtile.basefactory | ✅ Created object: Clock
2026-03-04 18:23:59,757 | INFO | qtile.basefactory | ✅ Created object: Sep
2026-03-04 18:23:59,757 | INFO | qtile.basefactory | ✅ Created object: Spacer
2026-03-04 18:23:59,757 | INFO | qtile.basefactory | ✅ Created object: Sep
2026-03-04 18:23:59,757 | INFO | qtile.basefactory | ✅ Created object: CPU
2026-03-04 18:23:59,757 | INFO | qtile.basefactory | ✅ Created object: Sep
2026-03-04 18:23:59,757 | INFO | qtile.basefactory | ✅ Created object: HDD
2026-03-04 18:23:59,757 | INFO | qtile.basefactory | ✅ Created object: Sep
2026-03-04 18:23:59,757 | INFO | qtile.basefactory | ✅ Created object: Memory
2026-03-04 18:23:59,771 | INFO | qtile.basefactory | ✅ Created object: Columns
2026-03-04 18:23:59,771 | INFO | qtile.basefactory | ✅ Created object: Max
2026-03-04 18:23:59,771 | INFO | qtile.basefactory | ✅ Created object: Tile
2026-03-04 18:23:59,771 | INFO | qtile.basefactory | ✅ Created object: Bsp
2026-03-04 18:23:59,772 | INFO | qtile.basefactory | ✅ Created object: GroupBox
2026-03-04 18:23:59,772 | INFO | qtile.basefactory | ✅ Created object: Prompt
2026-03-04 18:23:59,772 | INFO | qtile.basefactory | ✅ Created object: Sep
2026-03-04 18:23:59,772 | INFO | qtile.basefactory | ✅ Created object: CurrentLayout
2026-03-04 18:23:59,772 | INFO | qtile.basefactory | ✅ Created object: Sep
2026-03-04 18:23:59,772 | INFO | qtile.basefactory | ✅ Created object: Clock
2026-03-04 18:23:59,772 | INFO | qtile.basefactory | ✅ Created object: Sep
2026-03-04 18:23:59,772 | INFO | qtile.basefactory | ✅ Created object: Spacer
2026-03-04 18:23:59,772 | INFO | qtile.basefactory | ✅ Created object: Sep
2026-03-04 18:23:59,772 | INFO | qtile.basefactory | ✅ Created object: CPU
2026-03-04 18:23:59,773 | INFO | qtile.basefactory | ✅ Created object: Sep
2026-03-04 18:23:59,773 | INFO | qtile.basefactory | ✅ Created object: HDD
2026-03-04 18:23:59,773 | INFO | qtile.basefactory | ✅ Created object: Sep
2026-03-04 18:23:59,773 | INFO | qtile.basefactory | ✅ Created object: Memory
2026-03-04 18:35:13,002 | INFO | qtile.basefactory | ✅ Created object: Columns
2026-03-04 18:35:13,002 | INFO | qtile.basefactory | ✅ Created object: Max
2026-03-04 18:35:13,002 | INFO | qtile.basefactory | ✅ Created object: Tile
2026-03-04 18:35:13,002 | INFO | qtile.basefactory | ✅ Created object: Bsp
2026-03-04 18:35:13,003 | INFO | qtile.basefactory | ✅ Created object: GroupBox
2026-03-04 18:35:13,003 | INFO | qtile.basefactory | ✅ Created object: Prompt
2026-03-04 18:35:13,003 | INFO | qtile.basefactory | ✅ Created object: Sep
2026-03-04 18:35:13,003 | INFO | qtile.basefactory | ✅ Created object: CurrentLayout
2026-03-04 18:35:13,003 | INFO | qtile.basefactory | ✅ Created object: Sep
2026-03-04 18:35:13,003 | INFO | qtile.basefactory | ✅ Created object: Clock
2026-03-04 18:35:13,003 | INFO | qtile.basefactory | ✅ Created object: Sep
2026-03-04 18:35:13,004 | INFO | qtile.basefactory | ✅ Created object: Spacer
2026-03-04 18:35:13,004 | INFO | qtile.basefactory | ✅ Created object: Sep
2026-03-04 18:35:13,004 | INFO | qtile.basefactory | ✅ Created object: CPU
2026-03-04 18:35:13,004 | INFO | qtile.basefactory | ✅ Created object: Sep
2026-03-04 18:35:13,004 | INFO | qtile.basefactory | ✅ Created object: HDD
2026-03-04 18:35:13,004 | INFO | qtile.basefactory | ✅ Created object: Sep
2026-03-04 18:35:13,004 | INFO | qtile.basefactory | ✅ Created object: Memory
2026-03-04 18:35:13,017 | INFO | qtile.basefactory | ✅ Created object: Columns
2026-03-04 18:35:13,017 | INFO | qtile.basefactory | ✅ Created object: Max
2026-03-04 18:35:13,017 | INFO | qtile.basefactory | ✅ Created object: Tile
2026-03-04 18:35:13,017 | INFO | qtile.basefactory | ✅ Created object: Bsp
2026-03-04 18:35:13,017 | INFO | qtile.basefactory | ✅ Created object: GroupBox
2026-03-04 18:35:13,018 | INFO | qtile.basefactory | ✅ Created object: Prompt
2026-03-04 18:35:13,018 | INFO | qtile.basefactory | ✅ Created object: Sep
2026-03-04 18:35:13,018 | INFO | qtile.basefactory | ✅ Created object: CurrentLayout
2026-03-04 18:35:13,018 | INFO | qtile.basefactory | ✅ Created object: Sep
2026-03-04 18:35:13,018 | INFO | qtile.basefactory | ✅ Created object: Clock
2026-03-04 18:35:13,018 | INFO | qtile.basefactory | ✅ Created object: Sep
2026-03-04 18:35:13,018 | INFO | qtile.basefactory | ✅ Created object: Spacer
2026-03-04 18:35:13,018 | INFO | qtile.basefactory | ✅ Created object: Sep
2026-03-04 18:35:13,018 | INFO | qtile.basefactory | ✅ Created object: CPU
2026-03-04 18:35:13,018 | INFO | qtile.basefactory | ✅ Created object: Sep
2026-03-04 18:35:13,018 | INFO | qtile.basefactory | ✅ Created object: HDD
2026-03-04 18:35:13,018 | INFO | qtile.basefactory | ✅ Created object: Sep
2026-03-04 18:35:13,018 | INFO | qtile.basefactory | ✅ Created object: Memory
2026-03-04 18:53:01,583 | INFO | qtile.basefactory | ✅ Created object: Columns
2026-03-04 18:53:01,584 | INFO | qtile.basefactory | ✅ Created object: Max
2026-03-04 18:53:01,584 | INFO | qtile.basefactory | ✅ Created object: Tile
2026-03-04 18:53:01,584 | INFO | qtile.basefactory | ✅ Created object: Bsp
2026-03-04 18:53:01,603 | INFO | qtile.basefactory | ✅ Created object: GroupBox
2026-03-04 18:53:01,603 | INFO | qtile.basefactory | ✅ Created object: Prompt
2026-03-04 18:53:01,603 | INFO | qtile.basefactory | ✅ Created object: Sep
2026-03-04 18:53:01,603 | INFO | qtile.basefactory | ✅ Created object: CurrentLayout
2026-03-04 18:53:01,603 | INFO | qtile.basefactory | ✅ Created object: Sep
2026-03-04 18:53:01,603 | INFO | qtile.basefactory | ✅ Created object: Clock
2026-03-04 18:53:01,603 | INFO | qtile.basefactory | ✅ Created object: Sep
2026-03-04 18:53:01,603 | INFO | qtile.basefactory | ✅ Created object: Spacer
2026-03-04 18:53:01,603 | INFO | qtile.basefactory | ✅ Created object: Sep
2026-03-04 18:53:01,603 | INFO | qtile.basefactory | ✅ Created object: CPU
2026-03-04 18:53:01,604 | INFO | qtile.basefactory | ✅ Created object: Sep
2026-03-04 18:53:01,604 | INFO | qtile.basefactory | ✅ Created object: HDD
2026-03-04 18:53:01,604 | INFO | qtile.basefactory | ✅ Created object: Sep
2026-03-04 18:53:01,604 | INFO | qtile.basefactory | ✅ Created object: Memory
2026-03-04 18:55:12,011 | INFO | qtile.basefactory | ✅ Created object: Columns
2026-03-04 18:55:12,012 | INFO | qtile.basefactory | ✅ Created object: Max
2026-03-04 18:55:12,012 | INFO | qtile.basefactory | ✅ Created object: Tile
2026-03-04 18:55:12,012 | INFO | qtile.basefactory | ✅ Created object: Bsp
2026-03-04 18:55:12,031 | INFO | qtile.basefactory | ✅ Created object: GroupBox
2026-03-04 18:55:12,032 | INFO | qtile.basefactory | ✅ Created object: Prompt
2026-03-04 18:55:12,032 | INFO | qtile.basefactory | ✅ Created object: Sep
2026-03-04 18:55:12,032 | INFO | qtile.basefactory | ✅ Created object: CurrentLayout
2026-03-04 18:55:12,032 | INFO | qtile.basefactory | ✅ Created object: Sep
2026-03-04 18:55:12,032 | INFO | qtile.basefactory | ✅ Created object: Clock
2026-03-04 18:55:12,032 | INFO | qtile.basefactory | ✅ Created object: Sep
2026-03-04 18:55:12,032 | INFO | qtile.basefactory | ✅ Created object: Spacer
2026-03-04 18:55:12,032 | INFO | qtile.basefactory | ✅ Created object: Sep
2026-03-04 18:55:12,032 | INFO | qtile.basefactory | ✅ Created object: CPU
2026-03-04 18:55:12,032 | INFO | qtile.basefactory | ✅ Created object: Sep
2026-03-04 18:55:12,032 | INFO | qtile.basefactory | ✅ Created object: HDD
2026-03-04 18:55:12,032 | INFO | qtile.basefactory | ✅ Created object: Sep
2026-03-04 18:55:12,032 | INFO | qtile.basefactory | ✅ Created object: Memory
2026-03-04 19:24:59,419 | INFO | qtile.basefactory | ✅ Created object: Columns
2026-03-04 19:24:59,419 | INFO | qtile.basefactory | ✅ Created object: Max
2026-03-04 19:24:59,419 | INFO | qtile.basefactory | ✅ Created object: Tile
2026-03-04 19:24:59,419 | INFO | qtile.basefactory | ✅ Created object: Bsp
2026-03-04 19:24:59,438 | INFO | qtile.basefactory | ✅ Created object: GroupBox
2026-03-04 19:24:59,438 | INFO | qtile.basefactory | ✅ Created object: Prompt
2026-03-04 19:24:59,438 | INFO | qtile.basefactory | ✅ Created object: Sep
2026-03-04 19:24:59,438 | INFO | qtile.basefactory | ✅ Created object: CurrentLayout
2026-03-04 19:24:59,438 | INFO | qtile.basefactory | ✅ Created object: Sep
2026-03-04 19:24:59,438 | INFO | qtile.basefactory | ✅ Created object: Clock
2026-03-04 19:24:59,438 | INFO | qtile.basefactory | ✅ Created object: Sep
2026-03-04 19:24:59,438 | INFO | qtile.basefactory | ✅ Created object: Spacer
2026-03-04 19:24:59,438 | INFO | qtile.basefactory | ✅ Created object: Sep
2026-03-04 19:24:59,439 | INFO | qtile.basefactory | ✅ Created object: CPU
2026-03-04 19:24:59,439 | INFO | qtile.basefactory | ✅ Created object: Sep
2026-03-04 19:24:59,439 | INFO | qtile.basefactory | ✅ Created object: HDD
2026-03-04 19:24:59,439 | INFO | qtile.basefactory | ✅ Created object: Sep
2026-03-04 19:24:59,439 | INFO | qtile.basefactory | ✅ Created object: Memory
2026-03-04 19:29:05,290 | INFO | qtile.basefactory | ✅ Created object: Columns
2026-03-04 19:29:05,290 | INFO | qtile.basefactory | ✅ Created object: Max
2026-03-04 19:29:05,290 | INFO | qtile.basefactory | ✅ Created object: Tile
2026-03-04 19:29:05,290 | INFO | qtile.basefactory | ✅ Created object: Bsp
2026-03-04 19:29:05,310 | INFO | qtile.basefactory | ✅ Created object: GroupBox
2026-03-04 19:29:05,310 | INFO | qtile.basefactory | ✅ Created object: Prompt
2026-03-04 19:29:05,310 | INFO | qtile.basefactory | ✅ Created object: Sep
2026-03-04 19:29:05,310 | INFO | qtile.basefactory | ✅ Created object: CurrentLayout
2026-03-04 19:29:05,311 | INFO | qtile.basefactory | ✅ Created object: Sep
2026-03-04 19:29:05,311 | INFO | qtile.basefactory | ✅ Created object: Clock
2026-03-04 19:29:05,311 | INFO | qtile.basefactory | ✅ Created object: Sep
2026-03-04 19:29:05,311 | INFO | qtile.basefactory | ✅ Created object: Spacer
2026-03-04 19:29:05,311 | INFO | qtile.basefactory | ✅ Created object: Sep
2026-03-04 19:29:05,311 | INFO | qtile.basefactory | ✅ Created object: CPU
2026-03-04 19:29:05,311 | INFO | qtile.basefactory | ✅ Created object: Sep
2026-03-04 19:29:05,311 | INFO | qtile.basefactory | ✅ Created object: HDD
2026-03-04 19:29:05,311 | INFO | qtile.basefactory | ✅ Created object: Sep
2026-03-04 19:29:05,311 | INFO | qtile.basefactory | ✅ Created object: Memory
2026-03-04 20:02:41,546 | INFO | qtile.basefactory | ✅ Created object: Columns
2026-03-04 20:02:41,547 | INFO | qtile.basefactory | ✅ Created object: Max
2026-03-04 20:02:41,547 | INFO | qtile.basefactory | ✅ Created object: Tile
2026-03-04 20:02:41,547 | INFO | qtile.basefactory | ✅ Created object: Bsp
2026-03-04 20:02:41,567 | INFO | qtile.basefactory | ✅ Created object: GroupBox
2026-03-04 20:02:41,567 | INFO | qtile.basefactory | ✅ Created object: Prompt
2026-03-04 20:02:41,567 | INFO | qtile.basefactory | ✅ Created object: Sep
2026-03-04 20:02:41,567 | INFO | qtile.basefactory | ✅ Created object: CurrentLayout
2026-03-04 20:02:41,567 | INFO | qtile.basefactory | ✅ Created object: Sep
2026-03-04 20:02:41,567 | INFO | qtile.basefactory | ✅ Created object: Clock
2026-03-04 20:02:41,567 | INFO | qtile.basefactory | ✅ Created object: Sep
2026-03-04 20:02:41,567 | INFO | qtile.basefactory | ✅ Created object: Spacer
2026-03-04 20:02:41,567 | INFO | qtile.basefactory | ✅ Created object: Sep
2026-03-04 20:02:41,567 | INFO | qtile.basefactory | ✅ Created object: CPU
2026-03-04 20:02:41,567 | INFO | qtile.basefactory | ✅ Created object: Sep
2026-03-04 20:02:41,568 | INFO | qtile.basefactory | ✅ Created object: HDD
2026-03-04 20:02:41,568 | INFO | qtile.basefactory | ✅ Created object: Sep
2026-03-04 20:02:41,568 | INFO | qtile.basefactory | ✅ Created object: Memory
                                                                                                                                                                                                                                                                                                                                                                                                                                                                                                                                                                                                                                                                                                                                                                                                                                                                                                                                                                                                                                                                                                                                                                                                                                                                                                                                                                                                                                                                         2026-03-04 20:06:34,520 | INFO | qtile.basefactory | ✅ Created object: Columns
2026-03-04 20:06:34,520 | INFO | qtile.basefactory | ✅ Created object: Max
2026-03-04 20:06:34,521 | INFO | qtile.basefactory | ✅ Created object: Tile
2026-03-04 20:06:34,521 | INFO | qtile.basefactory | ✅ Created object: Bsp
2026-03-04 20:06:34,539 | INFO | qtile.basefactory | ✅ Created object: GroupBox
2026-03-04 20:06:34,539 | INFO | qtile.basefactory | ✅ Created object: Prompt
2026-03-04 20:06:34,539 | INFO | qtile.basefactory | ✅ Created object: Sep
2026-03-04 20:06:34,539 | INFO | qtile.basefactory | ✅ Created object: CurrentLayout
2026-03-04 20:06:34,539 | INFO | qtile.basefactory | ✅ Created object: Sep
2026-03-04 20:06:34,539 | INFO | qtile.basefactory | ✅ Created object: Clock
2026-03-04 20:06:34,540 | INFO | qtile.basefactory | ✅ Created object: Sep
2026-03-04 20:06:34,540 | INFO | qtile.basefactory | ✅ Created object: Spacer
2026-03-04 20:06:34,540 | INFO | qtile.basefactory | ✅ Created object: Sep
2026-03-04 20:06:34,540 | INFO | qtile.basefactory | ✅ Created object: CPU
2026-03-04 20:06:34,540 | INFO | qtile.basefactory | ✅ Created object: Sep
2026-03-04 20:06:34,540 | INFO | qtile.basefactory | ✅ Created object: HDD
2026-03-04 20:06:34,540 | INFO | qtile.basefactory | ✅ Created object: Sep
2026-03-04 20:06:34,540 | INFO | qtile.basefactory | ✅ Created object: Memory
2026-03-04 20:08:01,040 | INFO | qtile.basefactory | ✅ Created object: Columns
2026-03-04 20:08:01,040 | INFO | qtile.basefactory | ✅ Created object: Max
2026-03-04 20:08:01,040 | INFO | qtile.basefactory | ✅ Created object: Tile
2026-03-04 20:08:01,040 | INFO | qtile.basefactory | ✅ Created object: Bsp
2026-03-04 20:08:01,047 | INFO | qtile.basefactory | ✅ Created object: GroupBox
2026-03-04 20:08:01,047 | INFO | qtile.basefactory | ✅ Created object: Prompt
2026-03-04 20:08:01,047 | INFO | qtile.basefactory | ✅ Created object: Sep
2026-03-04 20:08:01,047 | INFO | qtile.basefactory | ✅ Created object: CurrentLayout
2026-03-04 20:08:01,047 | INFO | qtile.basefactory | ✅ Created object: Sep
2026-03-04 20:08:01,048 | INFO | qtile.basefactory | ✅ Created object: Clock
2026-03-04 20:08:01,048 | INFO | qtile.basefactory | ✅ Created object: Sep
2026-03-04 20:08:01,048 | INFO | qtile.basefactory | ✅ Created object: Spacer
2026-03-04 20:08:01,048 | INFO | qtile.basefactory | ✅ Created object: Sep
2026-03-04 20:08:01,048 | INFO | qtile.basefactory | ✅ Created object: CPU
2026-03-04 20:08:01,048 | INFO | qtile.basefactory | ✅ Created object: Sep
2026-03-04 20:08:01,048 | INFO | qtile.basefactory | ✅ Created object: HDD
2026-03-04 20:08:01,048 | INFO | qtile.basefactory | ✅ Created object: Sep
2026-03-04 20:08:01,048 | INFO | qtile.basefactory | ✅ Created object: Memory
2026-03-04 20:27:40,215 | INFO | qtile.basefactory | ✅ Created object: Columns
2026-03-04 20:27:40,216 | INFO | qtile.basefactory | ✅ Created object: Max
2026-03-04 20:27:40,216 | INFO | qtile.basefactory | ✅ Created object: Tile
2026-03-04 20:27:40,216 | INFO | qtile.basefactory | ✅ Created object: Bsp
2026-03-04 20:27:40,235 | INFO | qtile.basefactory | ✅ Created object: GroupBox
2026-03-04 20:27:40,235 | INFO | qtile.basefactory | ✅ Created object: Prompt
2026-03-04 20:27:40,235 | INFO | qtile.basefactory | ✅ Created object: Sep
2026-03-04 20:27:40,236 | INFO | qtile.basefactory | ✅ Created object: CurrentLayout
2026-03-04 20:27:40,236 | INFO | qtile.basefactory | ✅ Created object: Sep
2026-03-04 20:27:40,236 | INFO | qtile.basefactory | ✅ Created object: Clock
2026-03-04 20:27:40,236 | INFO | qtile.basefactory | ✅ Created object: Sep
2026-03-04 20:27:40,236 | INFO | qtile.basefactory | ✅ Created object: Spacer
2026-03-04 20:27:40,236 | INFO | qtile.basefactory | ✅ Created object: Sep
2026-03-04 20:27:40,236 | INFO | qtile.basefactory | ✅ Created object: CPU
2026-03-04 20:27:40,236 | INFO | qtile.basefactory | ✅ Created object: Sep
2026-03-04 20:27:40,236 | INFO | qtile.basefactory | ✅ Created object: HDD
2026-03-04 20:27:40,236 | INFO | qtile.basefactory | ✅ Created object: Sep
2026-03-04 20:27:40,236 | INFO | qtile.basefactory | ✅ Created object: Memory
2026-03-04 20:29:34,706 | INFO | qtile.basefactory | ✅ Created object: Columns
2026-03-04 20:29:34,706 | INFO | qtile.basefactory | ✅ Created object: Max
2026-03-04 20:29:34,706 | INFO | qtile.basefactory | ✅ Created object: Tile
2026-03-04 20:29:34,706 | INFO | qtile.basefactory | ✅ Created object: Bsp
2026-03-04 20:29:34,725 | INFO | qtile.basefactory | ✅ Created object: GroupBox
2026-03-04 20:29:34,725 | INFO | qtile.basefactory | ✅ Created object: Prompt
2026-03-04 20:29:34,725 | INFO | qtile.basefactory | ✅ Created object: Sep
2026-03-04 20:29:34,725 | INFO | qtile.basefactory | ✅ Created object: CurrentLayout
2026-03-04 20:29:34,725 | INFO | qtile.basefactory | ✅ Created object: Sep
2026-03-04 20:29:34,725 | INFO | qtile.basefactory | ✅ Created object: Clock
2026-03-04 20:29:34,725 | INFO | qtile.basefactory | ✅ Created object: Sep
2026-03-04 20:29:34,725 | INFO | qtile.basefactory | ✅ Created object: Spacer
2026-03-04 20:29:34,726 | INFO | qtile.basefactory | ✅ Created object: Sep
2026-03-04 20:29:34,726 | INFO | qtile.basefactory | ✅ Created object: CPU
2026-03-04 20:29:34,726 | INFO | qtile.basefactory | ✅ Created object: Sep
2026-03-04 20:29:34,726 | INFO | qtile.basefactory | ✅ Created object: HDD
2026-03-04 20:29:34,726 | INFO | qtile.basefactory | ✅ Created object: Sep
2026-03-04 20:29:34,726 | INFO | qtile.basefactory | ✅ Created object: Memory
2026-03-08 18:49:10,931 | INFO | qtile.basefactory | ✅ Created object: Columns
2026-03-08 18:49:10,932 | INFO | qtile.basefactory | ✅ Created object: Max
2026-03-08 18:49:10,932 | INFO | qtile.basefactory | ✅ Created object: Tile
2026-03-08 18:49:10,932 | INFO | qtile.basefactory | ✅ Created object: Bsp
2026-03-08 18:49:10,971 | INFO | qtile.basefactory | ✅ Created object: GroupBox
2026-03-08 18:49:10,972 | INFO | qtile.basefactory | ✅ Created object: Prompt
2026-03-08 18:49:10,972 | INFO | qtile.basefactory | ✅ Created object: Sep
2026-03-08 18:49:10,972 | INFO | qtile.basefactory | ✅ Created object: CurrentLayout
2026-03-08 18:49:10,972 | INFO | qtile.basefactory | ✅ Created object: Sep
2026-03-08 18:49:10,972 | INFO | qtile.basefactory | ✅ Created object: Clock
2026-03-08 18:49:10,972 | INFO | qtile.basefactory | ✅ Created object: Sep
2026-03-08 18:49:10,972 | INFO | qtile.basefactory | ✅ Created object: Spacer
2026-03-08 18:49:10,972 | INFO | qtile.basefactory | ✅ Created object: Sep
2026-03-08 18:49:10,973 | INFO | qtile.basefactory | ✅ Created object: CPU
2026-03-08 18:49:10,973 | INFO | qtile.basefactory | ✅ Created object: Sep
2026-03-08 18:49:10,973 | INFO | qtile.basefactory | ✅ Created object: HDD
2026-03-08 18:49:10,973 | INFO | qtile.basefactory | ✅ Created object: Sep
2026-03-08 18:49:10,973 | INFO | qtile.basefactory | ✅ Created object: Memory
2026-03-08 21:34:48,965 | INFO | qtile.basefactory | ✅ Created object: Columns
2026-03-08 21:34:48,965 | INFO | qtile.basefactory | ✅ Created object: Max
2026-03-08 21:34:48,966 | INFO | qtile.basefactory | ✅ Created object: Tile
2026-03-08 21:34:48,966 | INFO | qtile.basefactory | ✅ Created object: Bsp
2026-03-08 21:34:48,985 | INFO | qtile.basefactory | ✅ Created object: GroupBox
2026-03-08 21:34:48,985 | INFO | qtile.basefactory | ✅ Created object: Prompt
2026-03-08 21:34:48,985 | INFO | qtile.basefactory | ✅ Created object: Sep
2026-03-08 21:34:48,985 | INFO | qtile.basefactory | ✅ Created object: CurrentLayout
2026-03-08 21:34:48,985 | INFO | qtile.basefactory | ✅ Created object: Sep
2026-03-08 21:34:48,985 | INFO | qtile.basefactory | ✅ Created object: Clock
2026-03-08 21:34:48,985 | INFO | qtile.basefactory | ✅ Created object: Sep
2026-03-08 21:34:48,986 | INFO | qtile.basefactory | ✅ Created object: Spacer
2026-03-08 21:34:48,986 | INFO | qtile.basefactory | ✅ Created object: Sep
2026-03-08 21:34:48,986 | INFO | qtile.basefactory | ✅ Created object: CPU
2026-03-08 21:34:48,986 | INFO | qtile.basefactory | ✅ Created object: Sep
2026-03-08 21:34:48,986 | INFO | qtile.basefactory | ✅ Created object: HDD
2026-03-08 21:34:48,986 | INFO | qtile.basefactory | ✅ Created object: Sep
2026-03-08 21:34:48,986 | INFO | qtile.basefactory | ✅ Created object: Memory
2026-03-08 21:35:45,536 | INFO | qtile.basefactory | ✅ Created object: Columns
2026-03-08 21:35:45,537 | INFO | qtile.basefactory | ✅ Created object: Max
2026-03-08 21:35:45,537 | INFO | qtile.basefactory | ✅ Created object: Tile
2026-03-08 21:35:45,537 | INFO | qtile.basefactory | ✅ Created object: Bsp
2026-03-08 21:35:45,562 | INFO | qtile.basefactory | ✅ Created object: GroupBox
2026-03-08 21:35:45,562 | INFO | qtile.basefactory | ✅ Created object: Prompt
2026-03-08 21:35:45,562 | INFO | qtile.basefactory | ✅ Created object: Sep
2026-03-08 21:35:45,562 | INFO | qtile.basefactory | ✅ Created object: CurrentLayout
2026-03-08 21:35:45,562 | INFO | qtile.basefactory | ✅ Created object: Sep
2026-03-08 21:35:45,562 | INFO | qtile.basefactory | ✅ Created object: Clock
2026-03-08 21:35:45,562 | INFO | qtile.basefactory | ✅ Created object: Sep
2026-03-08 21:35:45,562 | INFO | qtile.basefactory | ✅ Created object: Spacer
2026-03-08 21:35:45,562 | INFO | qtile.basefactory | ✅ Created object: Sep
2026-03-08 21:35:45,562 | INFO | qtile.basefactory | ✅ Created object: CPU
2026-03-08 21:35:45,562 | INFO | qtile.basefactory | ✅ Created object: Sep
2026-03-08 21:35:45,563 | INFO | qtile.basefactory | ✅ Created object: HDD
2026-03-08 21:35:45,563 | INFO | qtile.basefactory | ✅ Created object: Sep
2026-03-08 21:35:45,563 | INFO | qtile.basefactory | ✅ Created object: Memory
2026-03-08 21:40:39,446 | INFO | qtile.basefactory | ✅ Created object: Columns
2026-03-08 21:40:39,446 | INFO | qtile.basefactory | ✅ Created object: Max
2026-03-08 21:40:39,446 | INFO | qtile.basefactory | ✅ Created object: Tile
2026-03-08 21:40:39,446 | INFO | qtile.basefactory | ✅ Created object: Bsp
2026-03-08 21:40:39,446 | INFO | qtile.basefactory | ✅ Created object: GroupBox
2026-03-08 21:40:39,447 | INFO | qtile.basefactory | ✅ Created object: Prompt
2026-03-08 21:40:39,447 | INFO | qtile.basefactory | ✅ Created object: Sep
2026-03-08 21:40:39,447 | INFO | qtile.basefactory | ✅ Created object: CurrentLayout
2026-03-08 21:40:39,447 | INFO | qtile.basefactory | ✅ Created object: Sep
2026-03-08 21:40:39,447 | INFO | qtile.basefactory | ✅ Created object: Clock
2026-03-08 21:40:39,447 | INFO | qtile.basefactory | ✅ Created object: Sep
2026-03-08 21:40:39,447 | INFO | qtile.basefactory | ✅ Created object: Spacer
2026-03-08 21:40:39,447 | INFO | qtile.basefactory | ✅ Created object: Sep
2026-03-08 21:40:39,447 | INFO | qtile.basefactory | ✅ Created object: CPU
2026-03-08 21:40:39,447 | INFO | qtile.basefactory | ✅ Created object: Sep
2026-03-08 21:40:39,447 | INFO | qtile.basefactory | ✅ Created object: HDD
2026-03-08 21:40:39,448 | INFO | qtile.basefactory | ✅ Created object: Sep
2026-03-08 21:40:39,448 | INFO | qtile.basefactory | ✅ Created object: Memory
2026-03-08 21:40:39,460 | INFO | qtile.basefactory | ✅ Created object: Columns
2026-03-08 21:40:39,461 | INFO | qtile.basefactory | ✅ Created object: Max
2026-03-08 21:40:39,461 | INFO | qtile.basefactory | ✅ Created object: Tile
2026-03-08 21:40:39,461 | INFO | qtile.basefactory | ✅ Created object: Bsp
2026-03-08 21:40:39,461 | INFO | qtile.basefactory | ✅ Created object: GroupBox
2026-03-08 21:40:39,461 | INFO | qtile.basefactory | ✅ Created object: Prompt
2026-03-08 21:40:39,461 | INFO | qtile.basefactory | ✅ Created object: Sep
2026-03-08 21:40:39,462 | INFO | qtile.basefactory | ✅ Created object: CurrentLayout
2026-03-08 21:40:39,462 | INFO | qtile.basefactory | ✅ Created object: Sep
2026-03-08 21:40:39,462 | INFO | qtile.basefactory | ✅ Created object: Clock
2026-03-08 21:40:39,462 | INFO | qtile.basefactory | ✅ Created object: Sep
2026-03-08 21:40:39,462 | INFO | qtile.basefactory | ✅ Created object: Spacer
2026-03-08 21:40:39,462 | INFO | qtile.basefactory | ✅ Created object: Sep
2026-03-08 21:40:39,462 | INFO | qtile.basefactory | ✅ Created object: CPU
2026-03-08 21:40:39,462 | INFO | qtile.basefactory | ✅ Created object: Sep
2026-03-08 21:40:39,462 | INFO | qtile.basefactory | ✅ Created object: HDD
2026-03-08 21:40:39,462 | INFO | qtile.basefactory | ✅ Created object: Sep
2026-03-08 21:40:39,462 | INFO | qtile.basefactory | ✅ Created object: Memory
2026-03-09 18:12:38,062 | INFO | qtile.basefactory | ✅ Created object: Columns
2026-03-09 18:12:38,062 | INFO | qtile.basefactory | ✅ Created object: Max
2026-03-09 18:12:38,063 | INFO | qtile.basefactory | ✅ Created object: Tile
2026-03-09 18:12:38,063 | INFO | qtile.basefactory | ✅ Created object: Bsp
2026-03-09 18:12:38,084 | INFO | qtile.basefactory | ✅ Created object: GroupBox
2026-03-09 18:12:38,084 | INFO | qtile.basefactory | ✅ Created object: Prompt
2026-03-09 18:12:38,084 | INFO | qtile.basefactory | ✅ Created object: Sep
2026-03-09 18:12:38,084 | INFO | qtile.basefactory | ✅ Created object: CurrentLayout
2026-03-09 18:12:38,084 | INFO | qtile.basefactory | ✅ Created object: Sep
2026-03-09 18:12:38,084 | INFO | qtile.basefactory | ✅ Created object: Clock
2026-03-09 18:12:38,084 | INFO | qtile.basefactory | ✅ Created object: Sep
2026-03-09 18:12:38,084 | INFO | qtile.basefactory | ✅ Created object: Spacer
2026-03-09 18:12:38,084 | INFO | qtile.basefactory | ✅ Created object: Sep
2026-03-09 18:12:38,084 | INFO | qtile.basefactory | ✅ Created object: CPU
2026-03-09 18:12:38,084 | INFO | qtile.basefactory | ✅ Created object: Sep
2026-03-09 18:12:38,085 | INFO | qtile.basefactory | ✅ Created object: HDD
2026-03-09 18:12:38,085 | INFO | qtile.basefactory | ✅ Created object: Sep
2026-03-09 18:12:38,085 | INFO | qtile.basefactory | ✅ Created object: Memory
2026-03-09 19:56:49,498 | INFO | qtile.basefactory | ✅ Created object: Columns
2026-03-09 19:56:49,499 | INFO | qtile.basefactory | ✅ Created object: Max
2026-03-09 19:56:49,499 | INFO | qtile.basefactory | ✅ Created object: Tile
2026-03-09 19:56:49,499 | INFO | qtile.basefactory | ✅ Created object: Bsp
2026-03-09 19:56:49,519 | INFO | qtile.basefactory | ✅ Created object: GroupBox
2026-03-09 19:56:49,519 | INFO | qtile.basefactory | ✅ Created object: Prompt
2026-03-09 19:56:49,519 | INFO | qtile.basefactory | ✅ Created object: Sep
2026-03-09 19:56:49,519 | INFO | qtile.basefactory | ✅ Created object: CurrentLayout
2026-03-09 19:56:49,519 | INFO | qtile.basefactory | ✅ Created object: Sep
2026-03-09 19:56:49,519 | INFO | qtile.basefactory | ✅ Created object: Clock
2026-03-09 19:56:49,519 | INFO | qtile.basefactory | ✅ Created object: Sep
2026-03-09 19:56:49,519 | INFO | qtile.basefactory | ✅ Created object: Spacer
2026-03-09 19:56:49,519 | INFO | qtile.basefactory | ✅ Created object: Sep
2026-03-09 19:56:49,520 | INFO | qtile.basefactory | ✅ Created object: CPU
2026-03-09 19:56:49,520 | INFO | qtile.basefactory | ✅ Created object: Sep
2026-03-09 19:56:49,520 | INFO | qtile.basefactory | ✅ Created object: HDD
2026-03-09 19:56:49,520 | INFO | qtile.basefactory | ✅ Created object: Sep
2026-03-09 19:56:49,520 | INFO | qtile.basefactory | ✅ Created object: Memory
2026-03-10 19:19:16,211 | INFO | qtile.basefactory | ✅ Created object: Columns
2026-03-10 19:19:16,211 | INFO | qtile.basefactory | ✅ Created object: Max
2026-03-10 19:19:16,212 | INFO | qtile.basefactory | ✅ Created object: Tile
2026-03-10 19:19:16,212 | INFO | qtile.basefactory | ✅ Created object: Bsp
2026-03-10 19:19:16,232 | INFO | qtile.basefactory | ✅ Created object: GroupBox
2026-03-10 19:19:16,232 | INFO | qtile.basefactory | ✅ Created object: Prompt
2026-03-10 19:19:16,233 | INFO | qtile.basefactory | ✅ Created object: Sep
2026-03-10 19:19:16,233 | INFO | qtile.basefactory | ✅ Created object: CurrentLayout
2026-03-10 19:19:16,233 | INFO | qtile.basefactory | ✅ Created object: Sep
2026-03-10 19:19:16,233 | INFO | qtile.basefactory | ✅ Created object: Clock
2026-03-10 19:19:16,233 | INFO | qtile.basefactory | ✅ Created object: Sep
2026-03-10 19:19:16,233 | INFO | qtile.basefactory | ✅ Created object: Spacer
2026-03-10 19:19:16,233 | INFO | qtile.basefactory | ✅ Created object: Sep
2026-03-10 19:19:16,233 | INFO | qtile.basefactory | ✅ Created object: CPU
2026-03-10 19:19:16,233 | INFO | qtile.basefactory | ✅ Created object: Sep
2026-03-10 19:19:16,233 | INFO | qtile.basefactory | ✅ Created object: HDD
2026-03-10 19:19:16,233 | INFO | qtile.basefactory | ✅ Created object: Sep
2026-03-10 19:19:16,233 | INFO | qtile.basefactory | ✅ Created object: Memory
2026-03-10 20:24:29,704 | INFO | qtile.basefactory | ✅ Created object: Columns
2026-03-10 20:24:29,704 | INFO | qtile.basefactory | ✅ Created object: Max
2026-03-10 20:24:29,704 | INFO | qtile.basefactory | ✅ Created object: Tile
2026-03-10 20:24:29,704 | INFO | qtile.basefactory | ✅ Created object: Bsp
2026-03-10 20:24:29,705 | INFO | qtile.basefactory | ✅ Created object: GroupBox
2026-03-10 20:24:29,705 | INFO | qtile.basefactory | ✅ Created object: Prompt
2026-03-10 20:24:29,705 | INFO | qtile.basefactory | ✅ Created object: Sep
2026-03-10 20:24:29,705 | INFO | qtile.basefactory | ✅ Created object: CurrentLayout
2026-03-10 20:24:29,705 | INFO | qtile.basefactory | ✅ Created object: Sep
2026-03-10 20:24:29,705 | INFO | qtile.basefactory | ✅ Created object: Clock
2026-03-10 20:24:29,705 | INFO | qtile.basefactory | ✅ Created object: Sep
2026-03-10 20:24:29,705 | INFO | qtile.basefactory | ✅ Created object: Spacer
2026-03-10 20:24:29,705 | INFO | qtile.basefactory | ✅ Created object: Sep
2026-03-10 20:24:29,705 | INFO | qtile.basefactory | ✅ Created object: CPU
2026-03-10 20:24:29,705 | INFO | qtile.basefactory | ✅ Created object: Sep
2026-03-10 20:24:29,706 | INFO | qtile.basefactory | ✅ Created object: HDD
2026-03-10 20:24:29,706 | INFO | qtile.basefactory | ✅ Created object: Sep
2026-03-10 20:24:29,706 | INFO | qtile.basefactory | ✅ Created object: Memory
2026-03-10 20:24:29,719 | INFO | qtile.basefactory | ✅ Created object: Columns
2026-03-10 20:24:29,719 | INFO | qtile.basefactory | ✅ Created object: Max
2026-03-10 20:24:29,719 | INFO | qtile.basefactory | ✅ Created object: Tile
2026-03-10 20:24:29,719 | INFO | qtile.basefactory | ✅ Created object: Bsp
2026-03-10 20:24:29,719 | INFO | qtile.basefactory | ✅ Created object: GroupBox
2026-03-10 20:24:29,719 | INFO | qtile.basefactory | ✅ Created object: Prompt
2026-03-10 20:24:29,719 | INFO | qtile.basefactory | ✅ Created object: Sep
2026-03-10 20:24:29,719 | INFO | qtile.basefactory | ✅ Created object: CurrentLayout
2026-03-10 20:24:29,720 | INFO | qtile.basefactory | ✅ Created object: Sep
2026-03-10 20:24:29,720 | INFO | qtile.basefactory | ✅ Created object: Clock
2026-03-10 20:24:29,720 | INFO | qtile.basefactory | ✅ Created object: Sep
2026-03-10 20:24:29,720 | INFO | qtile.basefactory | ✅ Created object: Spacer
2026-03-10 20:24:29,720 | INFO | qtile.basefactory | ✅ Created object: Sep
2026-03-10 20:24:29,720 | INFO | qtile.basefactory | ✅ Created object: CPU
2026-03-10 20:24:29,720 | INFO | qtile.basefactory | ✅ Created object: Sep
2026-03-10 20:24:29,720 | INFO | qtile.basefactory | ✅ Created object: HDD
2026-03-10 20:24:29,720 | INFO | qtile.basefactory | ✅ Created object: Sep
2026-03-10 20:24:29,720 | INFO | qtile.basefactory | ✅ Created object: Memory
2026-03-10 20:32:11,341 | INFO | qtile.basefactory | ✅ Created object: Columns
2026-03-10 20:32:11,341 | INFO | qtile.basefactory | ✅ Created object: Max
2026-03-10 20:32:11,341 | INFO | qtile.basefactory | ✅ Created object: Tile
2026-03-10 20:32:11,341 | INFO | qtile.basefactory | ✅ Created object: Bsp
2026-03-10 20:32:11,341 | INFO | qtile.basefactory | ✅ Created object: GroupBox
2026-03-10 20:32:11,342 | INFO | qtile.basefactory | ✅ Created object: Prompt
2026-03-10 20:32:11,342 | INFO | qtile.basefactory | ✅ Created object: Sep
2026-03-10 20:32:11,342 | INFO | qtile.basefactory | ✅ Created object: CurrentLayout
2026-03-10 20:32:11,342 | INFO | qtile.basefactory | ✅ Created object: Sep
2026-03-10 20:32:11,342 | INFO | qtile.basefactory | ✅ Created object: Clock
2026-03-10 20:32:11,342 | INFO | qtile.basefactory | ✅ Created object: Sep
2026-03-10 20:32:11,342 | INFO | qtile.basefactory | ✅ Created object: Spacer
2026-03-10 20:32:11,342 | INFO | qtile.basefactory | ✅ Created object: Sep
2026-03-10 20:32:11,342 | INFO | qtile.basefactory | ✅ Created object: CPU
2026-03-10 20:32:11,342 | INFO | qtile.basefactory | ✅ Created object: Sep
2026-03-10 20:32:11,342 | INFO | qtile.basefactory | ✅ Created object: HDD
2026-03-10 20:32:11,342 | INFO | qtile.basefactory | ✅ Created object: Sep
2026-03-10 20:32:11,342 | INFO | qtile.basefactory | ✅ Created object: Memory
2026-03-10 20:32:11,355 | INFO | qtile.basefactory | ✅ Created object: Columns
2026-03-10 20:32:11,355 | INFO | qtile.basefactory | ✅ Created object: Max
2026-03-10 20:32:11,355 | INFO | qtile.basefactory | ✅ Created object: Tile
2026-03-10 20:32:11,355 | INFO | qtile.basefactory | ✅ Created object: Bsp
2026-03-10 20:32:11,355 | INFO | qtile.basefactory | ✅ Created object: GroupBox
2026-03-10 20:32:11,355 | INFO | qtile.basefactory | ✅ Created object: Prompt
2026-03-10 20:32:11,356 | INFO | qtile.basefactory | ✅ Created object: Sep
2026-03-10 20:32:11,356 | INFO | qtile.basefactory | ✅ Created object: CurrentLayout
2026-03-10 20:32:11,356 | INFO | qtile.basefactory | ✅ Created object: Sep
2026-03-10 20:32:11,356 | INFO | qtile.basefactory | ✅ Created object: Clock
2026-03-10 20:32:11,356 | INFO | qtile.basefactory | ✅ Created object: Sep
2026-03-10 20:32:11,356 | INFO | qtile.basefactory | ✅ Created object: Spacer
2026-03-10 20:32:11,356 | INFO | qtile.basefactory | ✅ Created object: Sep
2026-03-10 20:32:11,356 | INFO | qtile.basefactory | ✅ Created object: CPU
2026-03-10 20:32:11,356 | INFO | qtile.basefactory | ✅ Created object: Sep
2026-03-10 20:32:11,356 | INFO | qtile.basefactory | ✅ Created object: HDD
2026-03-10 20:32:11,356 | INFO | qtile.basefactory | ✅ Created object: Sep
2026-03-10 20:32:11,356 | INFO | qtile.basefactory | ✅ Created object: Memory
2026-03-10 20:51:59,352 | INFO | qtile.basefactory | ✅ Created object: Columns
2026-03-10 20:51:59,352 | INFO | qtile.basefactory | ✅ Created object: Max
2026-03-10 20:51:59,352 | INFO | qtile.basefactory | ✅ Created object: Tile
2026-03-10 20:51:59,352 | INFO | qtile.basefactory | ✅ Created object: Bsp
2026-03-10 20:51:59,352 | INFO | qtile.basefactory | ✅ Created object: GroupBox
2026-03-10 20:51:59,353 | INFO | qtile.basefactory | ✅ Created object: Prompt
2026-03-10 20:51:59,353 | INFO | qtile.basefactory | ✅ Created object: Sep
2026-03-10 20:51:59,353 | INFO | qtile.basefactory | ✅ Created object: CurrentLayout
2026-03-10 20:51:59,353 | INFO | qtile.basefactory | ✅ Created object: Sep
2026-03-10 20:51:59,353 | INFO | qtile.basefactory | ✅ Created object: Clock
2026-03-10 20:51:59,353 | INFO | qtile.basefactory | ✅ Created object: Sep
2026-03-10 20:51:59,353 | INFO | qtile.basefactory | ✅ Created object: Spacer
2026-03-10 20:51:59,353 | INFO | qtile.basefactory | ✅ Created object: Sep
2026-03-10 20:51:59,353 | INFO | qtile.basefactory | ✅ Created object: CPU
2026-03-10 20:51:59,353 | INFO | qtile.basefactory | ✅ Created object: Sep
2026-03-10 20:51:59,353 | INFO | qtile.basefactory | ✅ Created object: HDD
2026-03-10 20:51:59,353 | INFO | qtile.basefactory | ✅ Created object: Sep
2026-03-10 20:51:59,354 | INFO | qtile.basefactory | ✅ Created object: Memory
2026-03-10 20:51:59,366 | INFO | qtile.basefactory | ✅ Created object: Columns
2026-03-10 20:51:59,366 | INFO | qtile.basefactory | ✅ Created object: Max
2026-03-10 20:51:59,366 | INFO | qtile.basefactory | ✅ Created object: Tile
2026-03-10 20:51:59,367 | INFO | qtile.basefactory | ✅ Created object: Bsp
2026-03-10 20:51:59,367 | INFO | qtile.basefactory | ✅ Created object: GroupBox
2026-03-10 20:51:59,367 | INFO | qtile.basefactory | ✅ Created object: Prompt
2026-03-10 20:51:59,367 | INFO | qtile.basefactory | ✅ Created object: Sep
2026-03-10 20:51:59,367 | INFO | qtile.basefactory | ✅ Created object: CurrentLayout
2026-03-10 20:51:59,367 | INFO | qtile.basefactory | ✅ Created object: Sep
2026-03-10 20:51:59,367 | INFO | qtile.basefactory | ✅ Created object: Clock
2026-03-10 20:51:59,367 | INFO | qtile.basefactory | ✅ Created object: Sep
2026-03-10 20:51:59,367 | INFO | qtile.basefactory | ✅ Created object: Spacer
2026-03-10 20:51:59,368 | INFO | qtile.basefactory | ✅ Created object: Sep
2026-03-10 20:51:59,368 | INFO | qtile.basefactory | ✅ Created object: CPU
2026-03-10 20:51:59,368 | INFO | qtile.basefactory | ✅ Created object: Sep
2026-03-10 20:51:59,368 | INFO | qtile.basefactory | ✅ Created object: HDD
2026-03-10 20:51:59,368 | INFO | qtile.basefactory | ✅ Created object: Sep
2026-03-10 20:51:59,368 | INFO | qtile.basefactory | ✅ Created object: Memory
2026-03-10 20:55:02,750 | INFO | qtile.basefactory | ✅ Created object: Columns
2026-03-10 20:55:02,750 | INFO | qtile.basefactory | ✅ Created object: Max
2026-03-10 20:55:02,750 | INFO | qtile.basefactory | ✅ Created object: Tile
2026-03-10 20:55:02,751 | INFO | qtile.basefactory | ✅ Created object: Bsp
2026-03-10 20:55:02,751 | INFO | qtile.basefactory | ✅ Created object: GroupBox
2026-03-10 20:55:02,751 | INFO | qtile.basefactory | ✅ Created object: Prompt
2026-03-10 20:55:02,751 | INFO | qtile.basefactory | ✅ Created object: Sep
2026-03-10 20:55:02,751 | INFO | qtile.basefactory | ✅ Created object: CurrentLayout
2026-03-10 20:55:02,751 | INFO | qtile.basefactory | ✅ Created object: Sep
2026-03-10 20:55:02,752 | INFO | qtile.basefactory | ✅ Created object: Clock
2026-03-10 20:55:02,752 | INFO | qtile.basefactory | ✅ Created object: Sep
2026-03-10 20:55:02,752 | INFO | qtile.basefactory | ✅ Created object: Spacer
2026-03-10 20:55:02,752 | INFO | qtile.basefactory | ✅ Created object: Sep
2026-03-10 20:55:02,752 | INFO | qtile.basefactory | ✅ Created object: CPU
2026-03-10 20:55:02,752 | INFO | qtile.basefactory | ✅ Created object: Sep
2026-03-10 20:55:02,752 | INFO | qtile.basefactory | ✅ Created object: HDD
2026-03-10 20:55:02,752 | INFO | qtile.basefactory | ✅ Created object: Sep
2026-03-10 20:55:02,752 | INFO | qtile.basefactory | ✅ Created object: Memory
2026-03-10 20:55:02,766 | INFO | qtile.basefactory | ✅ Created object: Columns
2026-03-10 20:55:02,766 | INFO | qtile.basefactory | ✅ Created object: Max
2026-03-10 20:55:02,766 | INFO | qtile.basefactory | ✅ Created object: Tile
2026-03-10 20:55:02,766 | INFO | qtile.basefactory | ✅ Created object: Bsp
2026-03-10 20:55:02,766 | INFO | qtile.basefactory | ✅ Created object: GroupBox
2026-03-10 20:55:02,767 | INFO | qtile.basefactory | ✅ Created object: Prompt
2026-03-10 20:55:02,767 | INFO | qtile.basefactory | ✅ Created object: Sep
2026-03-10 20:55:02,767 | INFO | qtile.basefactory | ✅ Created object: CurrentLayout
2026-03-10 20:55:02,767 | INFO | qtile.basefactory | ✅ Created object: Sep
2026-03-10 20:55:02,767 | INFO | qtile.basefactory | ✅ Created object: Clock
2026-03-10 20:55:02,767 | INFO | qtile.basefactory | ✅ Created object: Sep
2026-03-10 20:55:02,767 | INFO | qtile.basefactory | ✅ Created object: Spacer
2026-03-10 20:55:02,767 | INFO | qtile.basefactory | ✅ Created object: Sep
2026-03-10 20:55:02,767 | INFO | qtile.basefactory | ✅ Created object: CPU
2026-03-10 20:55:02,767 | INFO | qtile.basefactory | ✅ Created object: Sep
2026-03-10 20:55:02,767 | INFO | qtile.basefactory | ✅ Created object: HDD
2026-03-10 20:55:02,767 | INFO | qtile.basefactory | ✅ Created object: Sep
2026-03-10 20:55:02,768 | INFO | qtile.basefactory | ✅ Created object: Memory
2026-03-10 20:56:46,731 | INFO | qtile.basefactory | ✅ Created object: Columns
2026-03-10 20:56:46,732 | INFO | qtile.basefactory | ✅ Created object: Max
2026-03-10 20:56:46,732 | INFO | qtile.basefactory | ✅ Created object: Tile
2026-03-10 20:56:46,732 | INFO | qtile.basefactory | ✅ Created object: Bsp
2026-03-10 20:56:46,732 | INFO | qtile.basefactory | ✅ Created object: GroupBox
2026-03-10 20:56:46,732 | INFO | qtile.basefactory | ✅ Created object: Prompt
2026-03-10 20:56:46,732 | INFO | qtile.basefactory | ✅ Created object: Sep
2026-03-10 20:56:46,732 | INFO | qtile.basefactory | ✅ Created object: CurrentLayout
2026-03-10 20:56:46,732 | INFO | qtile.basefactory | ✅ Created object: Sep
2026-03-10 20:56:46,733 | INFO | qtile.basefactory | ✅ Created object: Clock
2026-03-10 20:56:46,733 | INFO | qtile.basefactory | ✅ Created object: Sep
2026-03-10 20:56:46,733 | INFO | qtile.basefactory | ✅ Created object: Spacer
2026-03-10 20:56:46,733 | INFO | qtile.basefactory | ✅ Created object: Sep
2026-03-10 20:56:46,733 | INFO | qtile.basefactory | ✅ Created object: CPU
2026-03-10 20:56:46,733 | INFO | qtile.basefactory | ✅ Created object: Sep
2026-03-10 20:56:46,733 | INFO | qtile.basefactory | ✅ Created object: HDD
2026-03-10 20:56:46,733 | INFO | qtile.basefactory | ✅ Created object: Sep
2026-03-10 20:56:46,733 | INFO | qtile.basefactory | ✅ Created object: Memory
2026-03-10 20:56:46,746 | INFO | qtile.basefactory | ✅ Created object: Columns
2026-03-10 20:56:46,746 | INFO | qtile.basefactory | ✅ Created object: Max
2026-03-10 20:56:46,746 | INFO | qtile.basefactory | ✅ Created object: Tile
2026-03-10 20:56:46,746 | INFO | qtile.basefactory | ✅ Created object: Bsp
2026-03-10 20:56:46,746 | INFO | qtile.basefactory | ✅ Created object: GroupBox
2026-03-10 20:56:46,747 | INFO | qtile.basefactory | ✅ Created object: Prompt
2026-03-10 20:56:46,747 | INFO | qtile.basefactory | ✅ Created object: Sep
2026-03-10 20:56:46,747 | INFO | qtile.basefactory | ✅ Created object: CurrentLayout
2026-03-10 20:56:46,747 | INFO | qtile.basefactory | ✅ Created object: Sep
2026-03-10 20:56:46,747 | INFO | qtile.basefactory | ✅ Created object: Clock
2026-03-10 20:56:46,747 | INFO | qtile.basefactory | ✅ Created object: Sep
2026-03-10 20:56:46,747 | INFO | qtile.basefactory | ✅ Created object: Spacer
2026-03-10 20:56:46,747 | INFO | qtile.basefactory | ✅ Created object: Sep
2026-03-10 20:56:46,747 | INFO | qtile.basefactory | ✅ Created object: CPU
2026-03-10 20:56:46,747 | INFO | qtile.basefactory | ✅ Created object: Sep
2026-03-10 20:56:46,747 | INFO | qtile.basefactory | ✅ Created object: HDD
2026-03-10 20:56:46,747 | INFO | qtile.basefactory | ✅ Created object: Sep
2026-03-10 20:56:46,747 | INFO | qtile.basefactory | ✅ Created object: Memory
2026-03-10 21:48:14,350 | INFO | qtile.basefactory | ✅ Created object: Columns
2026-03-10 21:48:14,351 | INFO | qtile.basefactory | ✅ Created object: Max
2026-03-10 21:48:14,351 | INFO | qtile.basefactory | ✅ Created object: Tile
2026-03-10 21:48:14,351 | INFO | qtile.basefactory | ✅ Created object: Bsp
2026-03-10 21:48:14,369 | INFO | qtile.basefactory | ✅ Created object: GroupBox
2026-03-10 21:48:14,369 | INFO | qtile.basefactory | ✅ Created object: Prompt
2026-03-10 21:48:14,369 | INFO | qtile.basefactory | ✅ Created object: Sep
2026-03-10 21:48:14,369 | INFO | qtile.basefactory | ✅ Created object: CurrentLayout
2026-03-10 21:48:14,369 | INFO | qtile.basefactory | ✅ Created object: Sep
2026-03-10 21:48:14,369 | INFO | qtile.basefactory | ✅ Created object: Clock
2026-03-10 21:48:14,370 | INFO | qtile.basefactory | ✅ Created object: Sep
2026-03-10 21:48:14,370 | INFO | qtile.basefactory | ✅ Created object: Spacer
2026-03-10 21:48:14,370 | INFO | qtile.basefactory | ✅ Created object: Sep
2026-03-10 21:48:14,370 | INFO | qtile.basefactory | ✅ Created object: CPU
2026-03-10 21:48:14,370 | INFO | qtile.basefactory | ✅ Created object: Sep
2026-03-10 21:48:14,370 | INFO | qtile.basefactory | ✅ Created object: HDD
2026-03-10 21:48:14,370 | INFO | qtile.basefactory | ✅ Created object: Sep
2026-03-10 21:48:14,370 | INFO | qtile.basefactory | ✅ Created object: Memory
2026-03-11 15:40:10,948 | INFO | qtile.basefactory | ✅ Created object: Columns
2026-03-11 15:40:10,949 | INFO | qtile.basefactory | ✅ Created object: Max
2026-03-11 15:40:10,949 | INFO | qtile.basefactory | ✅ Created object: Tile
2026-03-11 15:40:10,949 | INFO | qtile.basefactory | ✅ Created object: Bsp
2026-03-11 15:40:10,970 | INFO | qtile.basefactory | ✅ Created object: GroupBox
2026-03-11 15:40:10,970 | INFO | qtile.basefactory | ✅ Created object: Prompt
2026-03-11 15:40:10,970 | INFO | qtile.basefactory | ✅ Created object: Sep
2026-03-11 15:40:10,970 | INFO | qtile.basefactory | ✅ Created object: CurrentLayout
2026-03-11 15:40:10,970 | INFO | qtile.basefactory | ✅ Created object: Sep
2026-03-11 15:40:10,970 | INFO | qtile.basefactory | ✅ Created object: Clock
2026-03-11 15:40:10,970 | INFO | qtile.basefactory | ✅ Created object: Sep
2026-03-11 15:40:10,970 | INFO | qtile.basefactory | ✅ Created object: Spacer
2026-03-11 15:40:10,970 | INFO | qtile.basefactory | ✅ Created object: Sep
2026-03-11 15:40:10,971 | INFO | qtile.basefactory | ✅ Created object: CPU
2026-03-11 15:40:10,971 | INFO | qtile.basefactory | ✅ Created object: Sep
2026-03-11 15:40:10,971 | INFO | qtile.basefactory | ✅ Created object: HDD
2026-03-11 15:40:10,971 | INFO | qtile.basefactory | ✅ Created object: Sep
2026-03-11 15:40:10,971 | INFO | qtile.basefactory | ✅ Created object: Memory
2026-03-11 15:46:50,019 | INFO | qtile.basefactory | ✅ Created object: Columns
2026-03-11 15:46:50,019 | INFO | qtile.basefactory | ✅ Created object: Max
2026-03-11 15:46:50,019 | INFO | qtile.basefactory | ✅ Created object: Tile
2026-03-11 15:46:50,019 | INFO | qtile.basefactory | ✅ Created object: Bsp
2026-03-11 15:46:50,020 | INFO | qtile.basefactory | ✅ Created object: GroupBox
2026-03-11 15:46:50,020 | INFO | qtile.basefactory | ✅ Created object: Prompt
2026-03-11 15:46:50,020 | INFO | qtile.basefactory | ✅ Created object: Sep
2026-03-11 15:46:50,020 | INFO | qtile.basefactory | ✅ Created object: CurrentLayout
2026-03-11 15:46:50,020 | INFO | qtile.basefactory | ✅ Created object: Sep
2026-03-11 15:46:50,020 | INFO | qtile.basefactory | ✅ Created object: Clock
2026-03-11 15:46:50,020 | INFO | qtile.basefactory | ✅ Created object: Sep
2026-03-11 15:46:50,020 | INFO | qtile.basefactory | ✅ Created object: Spacer
2026-03-11 15:46:50,020 | INFO | qtile.basefactory | ✅ Created object: Sep
2026-03-11 15:46:50,020 | INFO | qtile.basefactory | ✅ Created object: CPU
2026-03-11 15:46:50,020 | INFO | qtile.basefactory | ✅ Created object: Sep
2026-03-11 15:46:50,021 | INFO | qtile.basefactory | ✅ Created object: HDD
2026-03-11 15:46:50,021 | INFO | qtile.basefactory | ✅ Created object: Sep
2026-03-11 15:46:50,021 | INFO | qtile.basefactory | ✅ Created object: Memory
2026-03-11 15:46:50,034 | INFO | qtile.basefactory | ✅ Created object: Columns
2026-03-11 15:46:50,034 | INFO | qtile.basefactory | ✅ Created object: Max
2026-03-11 15:46:50,034 | INFO | qtile.basefactory | ✅ Created object: Tile
2026-03-11 15:46:50,034 | INFO | qtile.basefactory | ✅ Created object: Bsp
2026-03-11 15:46:50,035 | INFO | qtile.basefactory | ✅ Created object: GroupBox
2026-03-11 15:46:50,035 | INFO | qtile.basefactory | ✅ Created object: Prompt
2026-03-11 15:46:50,035 | INFO | qtile.basefactory | ✅ Created object: Sep
2026-03-11 15:46:50,035 | INFO | qtile.basefactory | ✅ Created object: CurrentLayout
2026-03-11 15:46:50,035 | INFO | qtile.basefactory | ✅ Created object: Sep
2026-03-11 15:46:50,035 | INFO | qtile.basefactory | ✅ Created object: Clock
2026-03-11 15:46:50,035 | INFO | qtile.basefactory | ✅ Created object: Sep
2026-03-11 15:46:50,035 | INFO | qtile.basefactory | ✅ Created object: Spacer
2026-03-11 15:46:50,035 | INFO | qtile.basefactory | ✅ Created object: Sep
2026-03-11 15:46:50,036 | INFO | qtile.basefactory | ✅ Created object: CPU
2026-03-11 15:46:50,036 | INFO | qtile.basefactory | ✅ Created object: Sep
2026-03-11 15:46:50,036 | INFO | qtile.basefactory | ✅ Created object: HDD
2026-03-11 15:46:50,036 | INFO | qtile.basefactory | ✅ Created object: Sep
2026-03-11 15:46:50,036 | INFO | qtile.basefactory | ✅ Created object: Memory
2026-03-11 15:47:15,554 | INFO | qtile.basefactory | ✅ Created object: Columns
2026-03-11 15:47:15,554 | INFO | qtile.basefactory | ✅ Created object: Max
2026-03-11 15:47:15,554 | INFO | qtile.basefactory | ✅ Created object: Tile
2026-03-11 15:47:15,554 | INFO | qtile.basefactory | ✅ Created object: Bsp
2026-03-11 15:47:15,554 | INFO | qtile.basefactory | ✅ Created object: GroupBox
2026-03-11 15:47:15,555 | INFO | qtile.basefactory | ✅ Created object: Prompt
2026-03-11 15:47:15,555 | INFO | qtile.basefactory | ✅ Created object: Sep
2026-03-11 15:47:15,555 | INFO | qtile.basefactory | ✅ Created object: CurrentLayout
2026-03-11 15:47:15,555 | INFO | qtile.basefactory | ✅ Created object: Sep
2026-03-11 15:47:15,555 | INFO | qtile.basefactory | ✅ Created object: Clock
2026-03-11 15:47:15,555 | INFO | qtile.basefactory | ✅ Created object: Sep
2026-03-11 15:47:15,555 | INFO | qtile.basefactory | ✅ Created object: Spacer
2026-03-11 15:47:15,555 | INFO | qtile.basefactory | ✅ Created object: Sep
2026-03-11 15:47:15,555 | INFO | qtile.basefactory | ✅ Created object: CPU
2026-03-11 15:47:15,555 | INFO | qtile.basefactory | ✅ Created object: Sep
2026-03-11 15:47:15,555 | INFO | qtile.basefactory | ✅ Created object: HDD
2026-03-11 15:47:15,555 | INFO | qtile.basefactory | ✅ Created object: Sep
2026-03-11 15:47:15,555 | INFO | qtile.basefactory | ✅ Created object: Memory
2026-03-11 15:47:15,568 | INFO | qtile.basefactory | ✅ Created object: Columns
2026-03-11 15:47:15,568 | INFO | qtile.basefactory | ✅ Created object: Max
2026-03-11 15:47:15,568 | INFO | qtile.basefactory | ✅ Created object: Tile
2026-03-11 15:47:15,568 | INFO | qtile.basefactory | ✅ Created object: Bsp
2026-03-11 15:47:15,569 | INFO | qtile.basefactory | ✅ Created object: GroupBox
2026-03-11 15:47:15,569 | INFO | qtile.basefactory | ✅ Created object: Prompt
2026-03-11 15:47:15,569 | INFO | qtile.basefactory | ✅ Created object: Sep
2026-03-11 15:47:15,569 | INFO | qtile.basefactory | ✅ Created object: CurrentLayout
2026-03-11 15:47:15,569 | INFO | qtile.basefactory | ✅ Created object: Sep
2026-03-11 15:47:15,569 | INFO | qtile.basefactory | ✅ Created object: Clock
2026-03-11 15:47:15,569 | INFO | qtile.basefactory | ✅ Created object: Sep
2026-03-11 15:47:15,569 | INFO | qtile.basefactory | ✅ Created object: Spacer
2026-03-11 15:47:15,569 | INFO | qtile.basefactory | ✅ Created object: Sep
2026-03-11 15:47:15,569 | INFO | qtile.basefactory | ✅ Created object: CPU
2026-03-11 15:47:15,570 | INFO | qtile.basefactory | ✅ Created object: Sep
2026-03-11 15:47:15,570 | INFO | qtile.basefactory | ✅ Created object: HDD
2026-03-11 15:47:15,570 | INFO | qtile.basefactory | ✅ Created object: Sep
2026-03-11 15:47:15,570 | INFO | qtile.basefactory | ✅ Created object: Memory
2026-03-11 15:47:55,795 | INFO | qtile.basefactory | ✅ Created object: Columns
2026-03-11 15:47:55,795 | INFO | qtile.basefactory | ✅ Created object: Max
2026-03-11 15:47:55,796 | INFO | qtile.basefactory | ✅ Created object: Tile
2026-03-11 15:47:55,796 | INFO | qtile.basefactory | ✅ Created object: Bsp
2026-03-11 15:47:55,796 | INFO | qtile.basefactory | ✅ Created object: GroupBox
2026-03-11 15:47:55,796 | INFO | qtile.basefactory | ✅ Created object: Prompt
2026-03-11 15:47:55,796 | INFO | qtile.basefactory | ✅ Created object: Sep
2026-03-11 15:47:55,797 | INFO | qtile.basefactory | ✅ Created object: CurrentLayout
2026-03-11 15:47:55,797 | INFO | qtile.basefactory | ✅ Created object: Sep
2026-03-11 15:47:55,797 | INFO | qtile.basefactory | ✅ Created object: Clock
2026-03-11 15:47:55,797 | INFO | qtile.basefactory | ✅ Created object: Sep
2026-03-11 15:47:55,797 | INFO | qtile.basefactory | ✅ Created object: Spacer
2026-03-11 15:47:55,797 | INFO | qtile.basefactory | ✅ Created object: Sep
2026-03-11 15:47:55,797 | INFO | qtile.basefactory | ✅ Created object: CPU
2026-03-11 15:47:55,797 | INFO | qtile.basefactory | ✅ Created object: Sep
2026-03-11 15:47:55,797 | INFO | qtile.basefactory | ✅ Created object: HDD
2026-03-11 15:47:55,797 | INFO | qtile.basefactory | ✅ Created object: Sep
2026-03-11 15:47:55,797 | INFO | qtile.basefactory | ✅ Created object: Memory
2026-03-11 15:47:55,812 | INFO | qtile.basefactory | ✅ Created object: Columns
2026-03-11 15:47:55,812 | INFO | qtile.basefactory | ✅ Created object: Max
2026-03-11 15:47:55,812 | INFO | qtile.basefactory | ✅ Created object: Tile
2026-03-11 15:47:55,812 | INFO | qtile.basefactory | ✅ Created object: Bsp
2026-03-11 15:47:55,813 | INFO | qtile.basefactory | ✅ Created object: GroupBox
2026-03-11 15:47:55,813 | INFO | qtile.basefactory | ✅ Created object: Prompt
2026-03-11 15:47:55,813 | INFO | qtile.basefactory | ✅ Created object: Sep
2026-03-11 15:47:55,813 | INFO | qtile.basefactory | ✅ Created object: CurrentLayout
2026-03-11 15:47:55,813 | INFO | qtile.basefactory | ✅ Created object: Sep
2026-03-11 15:47:55,813 | INFO | qtile.basefactory | ✅ Created object: Clock
2026-03-11 15:47:55,813 | INFO | qtile.basefactory | ✅ Created object: Sep
2026-03-11 15:47:55,813 | INFO | qtile.basefactory | ✅ Created object: Spacer
2026-03-11 15:47:55,813 | INFO | qtile.basefactory | ✅ Created object: Sep
2026-03-11 15:47:55,813 | INFO | qtile.basefactory | ✅ Created object: CPU
2026-03-11 15:47:55,813 | INFO | qtile.basefactory | ✅ Created object: Sep
2026-03-11 15:47:55,814 | INFO | qtile.basefactory | ✅ Created object: HDD
2026-03-11 15:47:55,814 | INFO | qtile.basefactory | ✅ Created object: Sep
2026-03-11 15:47:55,814 | INFO | qtile.basefactory | ✅ Created object: Memory
2026-03-11 18:07:55,747 | INFO | qtile.basefactory | ✅ Created object: Columns
2026-03-11 18:07:55,748 | INFO | qtile.basefactory | ✅ Created object: Max
2026-03-11 18:07:55,748 | INFO | qtile.basefactory | ✅ Created object: Tile
2026-03-11 18:07:55,748 | INFO | qtile.basefactory | ✅ Created object: Bsp
2026-03-11 18:07:55,749 | INFO | qtile.basefactory | ✅ Created object: GroupBox
2026-03-11 18:07:55,749 | INFO | qtile.basefactory | ✅ Created object: Prompt
2026-03-11 18:07:55,749 | INFO | qtile.basefactory | ✅ Created object: Sep
2026-03-11 18:07:55,749 | INFO | qtile.basefactory | ✅ Created object: CurrentLayout
2026-03-11 18:07:55,749 | INFO | qtile.basefactory | ✅ Created object: Sep
2026-03-11 18:07:55,749 | INFO | qtile.basefactory | ✅ Created object: Clock
2026-03-11 18:07:55,749 | INFO | qtile.basefactory | ✅ Created object: Sep
2026-03-11 18:07:55,750 | INFO | qtile.basefactory | ✅ Created object: Spacer
2026-03-11 18:07:55,750 | INFO | qtile.basefactory | ✅ Created object: Sep
2026-03-11 18:07:55,750 | INFO | qtile.basefactory | ✅ Created object: CPU
2026-03-11 18:07:55,750 | INFO | qtile.basefactory | ✅ Created object: Sep
2026-03-11 18:07:55,750 | INFO | qtile.basefactory | ✅ Created object: HDD
2026-03-11 18:07:55,750 | INFO | qtile.basefactory | ✅ Created object: Sep
2026-03-11 18:07:55,750 | INFO | qtile.basefactory | ✅ Created object: Memory
2026-03-11 18:07:55,764 | INFO | qtile.basefactory | ✅ Created object: Columns
2026-03-11 18:07:55,764 | INFO | qtile.basefactory | ✅ Created object: Max
2026-03-11 18:07:55,764 | INFO | qtile.basefactory | ✅ Created object: Tile
2026-03-11 18:07:55,764 | INFO | qtile.basefactory | ✅ Created object: Bsp
2026-03-11 18:07:55,764 | INFO | qtile.basefactory | ✅ Created object: GroupBox
2026-03-11 18:07:55,765 | INFO | qtile.basefactory | ✅ Created object: Prompt
2026-03-11 18:07:55,765 | INFO | qtile.basefactory | ✅ Created object: Sep
2026-03-11 18:07:55,765 | INFO | qtile.basefactory | ✅ Created object: CurrentLayout
2026-03-11 18:07:55,765 | INFO | qtile.basefactory | ✅ Created object: Sep
2026-03-11 18:07:55,765 | INFO | qtile.basefactory | ✅ Created object: Clock
2026-03-11 18:07:55,765 | INFO | qtile.basefactory | ✅ Created object: Sep
2026-03-11 18:07:55,765 | INFO | qtile.basefactory | ✅ Created object: Spacer
2026-03-11 18:07:55,765 | INFO | qtile.basefactory | ✅ Created object: Sep
2026-03-11 18:07:55,765 | INFO | qtile.basefactory | ✅ Created object: CPU
2026-03-11 18:07:55,765 | INFO | qtile.basefactory | ✅ Created object: Sep
2026-03-11 18:07:55,765 | INFO | qtile.basefactory | ✅ Created object: HDD
2026-03-11 18:07:55,765 | INFO | qtile.basefactory | ✅ Created object: Sep
2026-03-11 18:07:55,766 | INFO | qtile.basefactory | ✅ Created object: Memory
2026-03-11 18:09:11,809 | INFO | qtile.basefactory | ✅ Created object: Columns
2026-03-11 18:09:11,809 | INFO | qtile.basefactory | ✅ Created object: Max
2026-03-11 18:09:11,809 | INFO | qtile.basefactory | ✅ Created object: Tile
2026-03-11 18:09:11,809 | INFO | qtile.basefactory | ✅ Created object: Bsp
2026-03-11 18:09:11,819 | INFO | qtile.basefactory | ✅ Created object: GroupBox
2026-03-11 18:09:11,820 | INFO | qtile.basefactory | ✅ Created object: Prompt
2026-03-11 18:09:11,820 | INFO | qtile.basefactory | ✅ Created object: Sep
2026-03-11 18:09:11,820 | INFO | qtile.basefactory | ✅ Created object: CurrentLayout
2026-03-11 18:09:11,820 | INFO | qtile.basefactory | ✅ Created object: Sep
2026-03-11 18:09:11,820 | INFO | qtile.basefactory | ✅ Created object: Clock
2026-03-11 18:09:11,820 | INFO | qtile.basefactory | ✅ Created object: Sep
2026-03-11 18:09:11,820 | INFO | qtile.basefactory | ✅ Created object: Spacer
2026-03-11 18:09:11,820 | INFO | qtile.basefactory | ✅ Created object: Sep
2026-03-11 18:09:11,821 | INFO | qtile.basefactory | ✅ Created object: CPU
2026-03-11 18:09:11,821 | INFO | qtile.basefactory | ✅ Created object: Sep
2026-03-11 18:09:11,821 | INFO | qtile.basefactory | ✅ Created object: HDD
2026-03-11 18:09:11,821 | INFO | qtile.basefactory | ✅ Created object: Sep
2026-03-11 18:09:11,821 | INFO | qtile.basefactory | ✅ Created object: Memory
2026-03-11 18:10:06,565 | INFO | qtile.basefactory | ✅ Created object: Columns
2026-03-11 18:10:06,565 | INFO | qtile.basefactory | ✅ Created object: Max
2026-03-11 18:10:06,566 | INFO | qtile.basefactory | ✅ Created object: Tile
2026-03-11 18:10:06,566 | INFO | qtile.basefactory | ✅ Created object: Bsp
2026-03-11 18:10:06,566 | INFO | qtile.basefactory | ✅ Created object: GroupBox
2026-03-11 18:10:06,566 | INFO | qtile.basefactory | ✅ Created object: Prompt
2026-03-11 18:10:06,566 | INFO | qtile.basefactory | ✅ Created object: Sep
2026-03-11 18:10:06,566 | INFO | qtile.basefactory | ✅ Created object: CurrentLayout
2026-03-11 18:10:06,566 | INFO | qtile.basefactory | ✅ Created object: Sep
2026-03-11 18:10:06,566 | INFO | qtile.basefactory | ✅ Created object: Clock
2026-03-11 18:10:06,567 | INFO | qtile.basefactory | ✅ Created object: Sep
2026-03-11 18:10:06,567 | INFO | qtile.basefactory | ✅ Created object: Spacer
2026-03-11 18:10:06,567 | INFO | qtile.basefactory | ✅ Created object: Sep
2026-03-11 18:10:06,567 | INFO | qtile.basefactory | ✅ Created object: CPU
2026-03-11 18:10:06,567 | INFO | qtile.basefactory | ✅ Created object: Sep
2026-03-11 18:10:06,567 | INFO | qtile.basefactory | ✅ Created object: HDD
2026-03-11 18:10:06,567 | INFO | qtile.basefactory | ✅ Created object: Sep
2026-03-11 18:10:06,567 | INFO | qtile.basefactory | ✅ Created object: Memory
2026-03-11 18:10:06,579 | INFO | qtile.basefactory | ✅ Created object: Columns
2026-03-11 18:10:06,579 | INFO | qtile.basefactory | ✅ Created object: Max
2026-03-11 18:10:06,580 | INFO | qtile.basefactory | ✅ Created object: Tile
2026-03-11 18:10:06,580 | INFO | qtile.basefactory | ✅ Created object: Bsp
2026-03-11 18:10:06,580 | INFO | qtile.basefactory | ✅ Created object: GroupBox
2026-03-11 18:10:06,580 | INFO | qtile.basefactory | ✅ Created object: Prompt
2026-03-11 18:10:06,580 | INFO | qtile.basefactory | ✅ Created object: Sep
2026-03-11 18:10:06,580 | INFO | qtile.basefactory | ✅ Created object: CurrentLayout
2026-03-11 18:10:06,580 | INFO | qtile.basefactory | ✅ Created object: Sep
2026-03-11 18:10:06,580 | INFO | qtile.basefactory | ✅ Created object: Clock
2026-03-11 18:10:06,581 | INFO | qtile.basefactory | ✅ Created object: Sep
2026-03-11 18:10:06,581 | INFO | qtile.basefactory | ✅ Created object: Spacer
2026-03-11 18:10:06,581 | INFO | qtile.basefactory | ✅ Created object: Sep
2026-03-11 18:10:06,581 | INFO | qtile.basefactory | ✅ Created object: CPU
2026-03-11 18:10:06,581 | INFO | qtile.basefactory | ✅ Created object: Sep
2026-03-11 18:10:06,581 | INFO | qtile.basefactory | ✅ Created object: HDD
2026-03-11 18:10:06,581 | INFO | qtile.basefactory | ✅ Created object: Sep
2026-03-11 18:10:06,581 | INFO | qtile.basefactory | ✅ Created object: Memory
2026-03-11 18:10:15,330 | INFO | qtile.basefactory | ✅ Created object: Columns
2026-03-11 18:10:15,330 | INFO | qtile.basefactory | ✅ Created object: Max
2026-03-11 18:10:15,330 | INFO | qtile.basefactory | ✅ Created object: Tile
2026-03-11 18:10:15,330 | INFO | qtile.basefactory | ✅ Created object: Bsp
2026-03-11 18:10:15,331 | INFO | qtile.basefactory | ✅ Created object: GroupBox
2026-03-11 18:10:15,331 | INFO | qtile.basefactory | ✅ Created object: Prompt
2026-03-11 18:10:15,331 | INFO | qtile.basefactory | ✅ Created object: Sep
2026-03-11 18:10:15,331 | INFO | qtile.basefactory | ✅ Created object: CurrentLayout
2026-03-11 18:10:15,331 | INFO | qtile.basefactory | ✅ Created object: Sep
2026-03-11 18:10:15,332 | INFO | qtile.basefactory | ✅ Created object: Clock
2026-03-11 18:10:15,332 | INFO | qtile.basefactory | ✅ Created object: Sep
2026-03-11 18:10:15,332 | INFO | qtile.basefactory | ✅ Created object: Spacer
2026-03-11 18:10:15,332 | INFO | qtile.basefactory | ✅ Created object: Sep
2026-03-11 18:10:15,332 | INFO | qtile.basefactory | ✅ Created object: CPU
2026-03-11 18:10:15,332 | INFO | qtile.basefactory | ✅ Created object: Sep
2026-03-11 18:10:15,332 | INFO | qtile.basefactory | ✅ Created object: HDD
2026-03-11 18:10:15,332 | INFO | qtile.basefactory | ✅ Created object: Sep
2026-03-11 18:10:15,333 | INFO | qtile.basefactory | ✅ Created object: Memory
2026-03-11 18:10:15,348 | INFO | qtile.basefactory | ✅ Created object: Columns
2026-03-11 18:10:15,348 | INFO | qtile.basefactory | ✅ Created object: Max
2026-03-11 18:10:15,348 | INFO | qtile.basefactory | ✅ Created object: Tile
2026-03-11 18:10:15,348 | INFO | qtile.basefactory | ✅ Created object: Bsp
2026-03-11 18:10:15,349 | INFO | qtile.basefactory | ✅ Created object: GroupBox
2026-03-11 18:10:15,349 | INFO | qtile.basefactory | ✅ Created object: Prompt
2026-03-11 18:10:15,349 | INFO | qtile.basefactory | ✅ Created object: Sep
2026-03-11 18:10:15,349 | INFO | qtile.basefactory | ✅ Created object: CurrentLayout
2026-03-11 18:10:15,349 | INFO | qtile.basefactory | ✅ Created object: Sep
2026-03-11 18:10:15,349 | INFO | qtile.basefactory | ✅ Created object: Clock
2026-03-11 18:10:15,349 | INFO | qtile.basefactory | ✅ Created object: Sep
2026-03-11 18:10:15,349 | INFO | qtile.basefactory | ✅ Created object: Spacer
2026-03-11 18:10:15,349 | INFO | qtile.basefactory | ✅ Created object: Sep
2026-03-11 18:10:15,349 | INFO | qtile.basefactory | ✅ Created object: CPU
2026-03-11 18:10:15,349 | INFO | qtile.basefactory | ✅ Created object: Sep
2026-03-11 18:10:15,350 | INFO | qtile.basefactory | ✅ Created object: HDD
2026-03-11 18:10:15,350 | INFO | qtile.basefactory | ✅ Created object: Sep
2026-03-11 18:10:15,350 | INFO | qtile.basefactory | ✅ Created object: Memory
2026-03-12 10:14:32,890 | INFO | qtile.basefactory | ✅ Created object: Columns
2026-03-12 10:14:32,891 | INFO | qtile.basefactory | ✅ Created object: Max
2026-03-12 10:14:32,891 | INFO | qtile.basefactory | ✅ Created object: Tile
2026-03-12 10:14:32,891 | INFO | qtile.basefactory | ✅ Created object: Bsp
2026-03-12 10:14:32,909 | INFO | qtile.basefactory | ✅ Created object: GroupBox
2026-03-12 10:14:32,909 | INFO | qtile.basefactory | ✅ Created object: Prompt
2026-03-12 10:14:32,910 | INFO | qtile.basefactory | ✅ Created object: Sep
2026-03-12 10:14:32,910 | INFO | qtile.basefactory | ✅ Created object: CurrentLayout
2026-03-12 10:14:32,910 | INFO | qtile.basefactory | ✅ Created object: Sep
2026-03-12 10:14:32,910 | INFO | qtile.basefactory | ✅ Created object: Clock
2026-03-12 10:14:32,910 | INFO | qtile.basefactory | ✅ Created object: Sep
2026-03-12 10:14:32,910 | INFO | qtile.basefactory | ✅ Created object: Spacer
2026-03-12 10:14:32,910 | INFO | qtile.basefactory | ✅ Created object: Sep
2026-03-12 10:14:32,910 | INFO | qtile.basefactory | ✅ Created object: CPU
2026-03-12 10:14:32,910 | INFO | qtile.basefactory | ✅ Created object: Sep
2026-03-12 10:14:32,910 | INFO | qtile.basefactory | ✅ Created object: HDD
2026-03-12 10:14:32,910 | INFO | qtile.basefactory | ✅ Created object: Sep
2026-03-12 10:14:32,910 | INFO | qtile.basefactory | ✅ Created object: Memory
2026-03-12 19:46:21,743 | INFO | qtile.basefactory | ✅ Created object: Columns
2026-03-12 19:46:21,743 | INFO | qtile.basefactory | ✅ Created object: Max
2026-03-12 19:46:21,743 | INFO | qtile.basefactory | ✅ Created object: Tile
2026-03-12 19:46:21,743 | INFO | qtile.basefactory | ✅ Created object: Bsp
2026-03-12 19:46:21,762 | INFO | qtile.basefactory | ✅ Created object: GroupBox
2026-03-12 19:46:21,762 | INFO | qtile.basefactory | ✅ Created object: Prompt
2026-03-12 19:46:21,762 | INFO | qtile.basefactory | ✅ Created object: Sep
2026-03-12 19:46:21,762 | INFO | qtile.basefactory | ✅ Created object: CurrentLayout
2026-03-12 19:46:21,762 | INFO | qtile.basefactory | ✅ Created object: Sep
2026-03-12 19:46:21,763 | INFO | qtile.basefactory | ✅ Created object: Clock
2026-03-12 19:46:21,763 | INFO | qtile.basefactory | ✅ Created object: Sep
2026-03-12 19:46:21,763 | INFO | qtile.basefactory | ✅ Created object: Spacer
2026-03-12 19:46:21,763 | INFO | qtile.basefactory | ✅ Created object: Sep
2026-03-12 19:46:21,763 | INFO | qtile.basefactory | ✅ Created object: CPU
2026-03-12 19:46:21,763 | INFO | qtile.basefactory | ✅ Created object: Sep
2026-03-12 19:46:21,763 | INFO | qtile.basefactory | ✅ Created object: HDD
2026-03-12 19:46:21,763 | INFO | qtile.basefactory | ✅ Created object: Sep
2026-03-12 19:46:21,763 | INFO | qtile.basefactory | ✅ Created object: Memory
2026-03-13 19:21:54,820 | INFO | qtile.basefactory | ✅ Created object: Columns
2026-03-13 19:21:54,821 | INFO | qtile.basefactory | ✅ Created object: Max
2026-03-13 19:21:54,821 | INFO | qtile.basefactory | ✅ Created object: Tile
2026-03-13 19:21:54,821 | INFO | qtile.basefactory | ✅ Created object: Bsp
2026-03-13 19:21:54,843 | INFO | qtile.basefactory | ✅ Created object: GroupBox
2026-03-13 19:21:54,843 | INFO | qtile.basefactory | ✅ Created object: Prompt
2026-03-13 19:21:54,843 | INFO | qtile.basefactory | ✅ Created object: Sep
2026-03-13 19:21:54,843 | INFO | qtile.basefactory | ✅ Created object: CurrentLayout
2026-03-13 19:21:54,843 | INFO | qtile.basefactory | ✅ Created object: Sep
2026-03-13 19:21:54,843 | INFO | qtile.basefactory | ✅ Created object: Clock
2026-03-13 19:21:54,843 | INFO | qtile.basefactory | ✅ Created object: Sep
2026-03-13 19:21:54,844 | INFO | qtile.basefactory | ✅ Created object: Spacer
2026-03-13 19:21:54,844 | INFO | qtile.basefactory | ✅ Created object: Sep
2026-03-13 19:21:54,844 | INFO | qtile.basefactory | ✅ Created object: CPU
2026-03-13 19:21:54,844 | INFO | qtile.basefactory | ✅ Created object: Sep
2026-03-13 19:21:54,844 | INFO | qtile.basefactory | ✅ Created object: HDD
2026-03-13 19:21:54,844 | INFO | qtile.basefactory | ✅ Created object: Sep
2026-03-13 19:21:54,844 | INFO | qtile.basefactory | ✅ Created object: Memory
2026-03-13 20:26:40,518 | INFO | qtile.basefactory | ✅ Created object: Columns
2026-03-13 20:26:40,519 | INFO | qtile.basefactory | ✅ Created object: Max
2026-03-13 20:26:40,519 | INFO | qtile.basefactory | ✅ Created object: Tile
2026-03-13 20:26:40,519 | INFO | qtile.basefactory | ✅ Created object: Bsp
2026-03-13 20:26:40,538 | INFO | qtile.basefactory | ✅ Created object: GroupBox
2026-03-13 20:26:40,538 | INFO | qtile.basefactory | ✅ Created object: Prompt
2026-03-13 20:26:40,538 | INFO | qtile.basefactory | ✅ Created object: Sep
2026-03-13 20:26:40,539 | INFO | qtile.basefactory | ✅ Created object: CurrentLayout
2026-03-13 20:26:40,539 | INFO | qtile.basefactory | ✅ Created object: Sep
2026-03-13 20:26:40,539 | INFO | qtile.basefactory | ✅ Created object: Clock
2026-03-13 20:26:40,539 | INFO | qtile.basefactory | ✅ Created object: Sep
2026-03-13 20:26:40,539 | INFO | qtile.basefactory | ✅ Created object: Spacer
2026-03-13 20:26:40,539 | INFO | qtile.basefactory | ✅ Created object: Sep
2026-03-13 20:26:40,539 | INFO | qtile.basefactory | ✅ Created object: CPU
2026-03-13 20:26:40,539 | INFO | qtile.basefactory | ✅ Created object: Sep
2026-03-13 20:26:40,539 | INFO | qtile.basefactory | ✅ Created object: HDD
2026-03-13 20:26:40,539 | INFO | qtile.basefactory | ✅ Created object: Sep
2026-03-13 20:26:40,539 | INFO | qtile.basefactory | ✅ Created object: Memory
2026-03-13 20:32:04,871 | INFO | qtile.basefactory | ✅ Created object: Columns
2026-03-13 20:32:04,871 | INFO | qtile.basefactory | ✅ Created object: Max
2026-03-13 20:32:04,872 | INFO | qtile.basefactory | ✅ Created object: Tile
2026-03-13 20:32:04,872 | INFO | qtile.basefactory | ✅ Created object: Bsp
2026-03-13 20:32:04,892 | INFO | qtile.basefactory | ✅ Created object: GroupBox
2026-03-13 20:32:04,892 | INFO | qtile.basefactory | ✅ Created object: Prompt
2026-03-13 20:32:04,893 | INFO | qtile.basefactory | ✅ Created object: Sep
2026-03-13 20:32:04,893 | INFO | qtile.basefactory | ✅ Created object: CurrentLayout
2026-03-13 20:32:04,893 | INFO | qtile.basefactory | ✅ Created object: Sep
2026-03-13 20:32:04,893 | INFO | qtile.basefactory | ✅ Created object: Clock
2026-03-13 20:32:04,893 | INFO | qtile.basefactory | ✅ Created object: Sep
2026-03-13 20:32:04,893 | INFO | qtile.basefactory | ✅ Created object: Spacer
2026-03-13 20:32:04,893 | INFO | qtile.basefactory | ✅ Created object: Sep
2026-03-13 20:32:04,893 | INFO | qtile.basefactory | ✅ Created object: CPU
2026-03-13 20:32:04,893 | INFO | qtile.basefactory | ✅ Created object: Sep
2026-03-13 20:32:04,893 | INFO | qtile.basefactory | ✅ Created object: HDD
2026-03-13 20:32:04,893 | INFO | qtile.basefactory | ✅ Created object: Sep
2026-03-13 20:32:04,893 | INFO | qtile.basefactory | ✅ Created object: Memory
2026-03-14 20:11:27,762 | INFO | qtile.basefactory | ✅ Created object: Columns
2026-03-14 20:11:27,763 | INFO | qtile.basefactory | ✅ Created object: Max
2026-03-14 20:11:27,763 | INFO | qtile.basefactory | ✅ Created object: Tile
2026-03-14 20:11:27,763 | INFO | qtile.basefactory | ✅ Created object: Bsp
2026-03-14 20:11:27,787 | INFO | qtile.basefactory | ✅ Created object: GroupBox
2026-03-14 20:11:27,787 | INFO | qtile.basefactory | ✅ Created object: Prompt
2026-03-14 20:11:27,787 | INFO | qtile.basefactory | ✅ Created object: Sep
2026-03-14 20:11:27,787 | INFO | qtile.basefactory | ✅ Created object: CurrentLayout
2026-03-14 20:11:27,787 | INFO | qtile.basefactory | ✅ Created object: Sep
2026-03-14 20:11:27,787 | INFO | qtile.basefactory | ✅ Created object: Clock
2026-03-14 20:11:27,787 | INFO | qtile.basefactory | ✅ Created object: Sep
2026-03-14 20:11:27,788 | INFO | qtile.basefactory | ✅ Created object: Spacer
2026-03-14 20:11:27,788 | INFO | qtile.basefactory | ✅ Created object: Sep
2026-03-14 20:11:27,788 | INFO | qtile.basefactory | ✅ Created object: CPU
2026-03-14 20:11:27,788 | INFO | qtile.basefactory | ✅ Created object: Sep
2026-03-14 20:11:27,788 | INFO | qtile.basefactory | ✅ Created object: HDD
2026-03-14 20:11:27,788 | INFO | qtile.basefactory | ✅ Created object: Sep
2026-03-14 20:11:27,788 | INFO | qtile.basefactory | ✅ Created object: Memory
2026-03-14 21:47:41,535 | INFO | qtile.basefactory | ✅ Created object: Columns
2026-03-14 21:47:41,535 | INFO | qtile.basefactory | ✅ Created object: Max
2026-03-14 21:47:41,535 | INFO | qtile.basefactory | ✅ Created object: Tile
2026-03-14 21:47:41,535 | INFO | qtile.basefactory | ✅ Created object: Bsp
2026-03-14 21:47:41,554 | INFO | qtile.basefactory | ✅ Created object: GroupBox
2026-03-14 21:47:41,554 | INFO | qtile.basefactory | ✅ Created object: Prompt
2026-03-14 21:47:41,554 | INFO | qtile.basefactory | ✅ Created object: Sep
2026-03-14 21:47:41,554 | INFO | qtile.basefactory | ✅ Created object: CurrentLayout
2026-03-14 21:47:41,554 | INFO | qtile.basefactory | ✅ Created object: Sep
2026-03-14 21:47:41,554 | INFO | qtile.basefactory | ✅ Created object: Clock
2026-03-14 21:47:41,554 | INFO | qtile.basefactory | ✅ Created object: Sep
2026-03-14 21:47:41,554 | INFO | qtile.basefactory | ✅ Created object: Spacer
2026-03-14 21:47:41,554 | INFO | qtile.basefactory | ✅ Created object: Sep
2026-03-14 21:47:41,554 | INFO | qtile.basefactory | ✅ Created object: CPU
2026-03-14 21:47:41,554 | INFO | qtile.basefactory | ✅ Created object: Sep
2026-03-14 21:47:41,554 | INFO | qtile.basefactory | ✅ Created object: HDD
2026-03-14 21:47:41,555 | INFO | qtile.basefactory | ✅ Created object: Sep
2026-03-14 21:47:41,555 | INFO | qtile.basefactory | ✅ Created object: Memory
2026-03-15 12:06:25,171 | INFO | qtile.basefactory | ✅ Created object: Columns
2026-03-15 12:06:25,172 | INFO | qtile.basefactory | ✅ Created object: Max
2026-03-15 12:06:25,172 | INFO | qtile.basefactory | ✅ Created object: Tile
2026-03-15 12:06:25,172 | INFO | qtile.basefactory | ✅ Created object: Bsp
2026-03-15 12:06:25,196 | INFO | qtile.basefactory | ✅ Created object: GroupBox
2026-03-15 12:06:25,196 | INFO | qtile.basefactory | ✅ Created object: Prompt
2026-03-15 12:06:25,196 | INFO | qtile.basefactory | ✅ Created object: Sep
2026-03-15 12:06:25,197 | INFO | qtile.basefactory | ✅ Created object: CurrentLayout
2026-03-15 12:06:25,197 | INFO | qtile.basefactory | ✅ Created object: Sep
2026-03-15 12:06:25,197 | INFO | qtile.basefactory | ✅ Created object: Clock
2026-03-15 12:06:25,197 | INFO | qtile.basefactory | ✅ Created object: Sep
2026-03-15 12:06:25,197 | INFO | qtile.basefactory | ✅ Created object: Spacer
2026-03-15 12:06:25,197 | INFO | qtile.basefactory | ✅ Created object: Sep
2026-03-15 12:06:25,197 | INFO | qtile.basefactory | ✅ Created object: CPU
2026-03-15 12:06:25,197 | INFO | qtile.basefactory | ✅ Created object: Sep
2026-03-15 12:06:25,197 | INFO | qtile.basefactory | ✅ Created object: HDD
2026-03-15 12:06:25,197 | INFO | qtile.basefactory | ✅ Created object: Sep
2026-03-15 12:06:25,197 | INFO | qtile.basefactory | ✅ Created object: Memory
2026-03-15 14:54:22,171 | INFO | qtile.basefactory | ✅ Created object: Columns
2026-03-15 14:54:22,171 | INFO | qtile.basefactory | ✅ Created object: Max
2026-03-15 14:54:22,171 | INFO | qtile.basefactory | ✅ Created object: Tile
2026-03-15 14:54:22,171 | INFO | qtile.basefactory | ✅ Created object: Bsp
2026-03-15 14:54:22,171 | INFO | qtile.basefactory | ✅ Created object: GroupBox
2026-03-15 14:54:22,172 | INFO | qtile.basefactory | ✅ Created object: Prompt
2026-03-15 14:54:22,172 | INFO | qtile.basefactory | ✅ Created object: Sep
2026-03-15 14:54:22,172 | INFO | qtile.basefactory | ✅ Created object: CurrentLayout
2026-03-15 14:54:22,172 | INFO | qtile.basefactory | ✅ Created object: Sep
2026-03-15 14:54:22,172 | INFO | qtile.basefactory | ✅ Created object: Clock
2026-03-15 14:54:22,172 | INFO | qtile.basefactory | ✅ Created object: Sep
2026-03-15 14:54:22,172 | INFO | qtile.basefactory | ✅ Created object: Spacer
2026-03-15 14:54:22,172 | INFO | qtile.basefactory | ✅ Created object: Sep
2026-03-15 14:54:22,172 | INFO | qtile.basefactory | ✅ Created object: CPU
2026-03-15 14:54:22,172 | INFO | qtile.basefactory | ✅ Created object: Sep
2026-03-15 14:54:22,172 | INFO | qtile.basefactory | ✅ Created object: HDD
2026-03-15 14:54:22,172 | INFO | qtile.basefactory | ✅ Created object: Sep
2026-03-15 14:54:22,172 | INFO | qtile.basefactory | ✅ Created object: Memory
2026-03-15 14:54:22,186 | INFO | qtile.basefactory | ✅ Created object: Columns
2026-03-15 14:54:22,187 | INFO | qtile.basefactory | ✅ Created object: Max
2026-03-15 14:54:22,187 | INFO | qtile.basefactory | ✅ Created object: Tile
2026-03-15 14:54:22,187 | INFO | qtile.basefactory | ✅ Created object: Bsp
2026-03-15 14:54:22,187 | INFO | qtile.basefactory | ✅ Created object: GroupBox
2026-03-15 14:54:22,187 | INFO | qtile.basefactory | ✅ Created object: Prompt
2026-03-15 14:54:22,187 | INFO | qtile.basefactory | ✅ Created object: Sep
2026-03-15 14:54:22,187 | INFO | qtile.basefactory | ✅ Created object: CurrentLayout
2026-03-15 14:54:22,187 | INFO | qtile.basefactory | ✅ Created object: Sep
2026-03-15 14:54:22,188 | INFO | qtile.basefactory | ✅ Created object: Clock
2026-03-15 14:54:22,188 | INFO | qtile.basefactory | ✅ Created object: Sep
2026-03-15 14:54:22,188 | INFO | qtile.basefactory | ✅ Created object: Spacer
2026-03-15 14:54:22,188 | INFO | qtile.basefactory | ✅ Created object: Sep
2026-03-15 14:54:22,188 | INFO | qtile.basefactory | ✅ Created object: CPU
2026-03-15 14:54:22,188 | INFO | qtile.basefactory | ✅ Created object: Sep
2026-03-15 14:54:22,188 | INFO | qtile.basefactory | ✅ Created object: HDD
2026-03-15 14:54:22,188 | INFO | qtile.basefactory | ✅ Created object: Sep
2026-03-15 14:54:22,188 | INFO | qtile.basefactory | ✅ Created object: Memory
2026-03-15 14:56:18,996 | INFO | qtile.basefactory | ✅ Created object: Columns
2026-03-15 14:56:18,996 | INFO | qtile.basefactory | ✅ Created object: Max
2026-03-15 14:56:18,996 | INFO | qtile.basefactory | ✅ Created object: Tile
2026-03-15 14:56:18,996 | INFO | qtile.basefactory | ✅ Created object: Bsp
2026-03-15 14:56:19,004 | INFO | qtile.basefactory | ✅ Created object: GroupBox
2026-03-15 14:56:19,004 | INFO | qtile.basefactory | ✅ Created object: Prompt
2026-03-15 14:56:19,004 | INFO | qtile.basefactory | ✅ Created object: Sep
2026-03-15 14:56:19,004 | INFO | qtile.basefactory | ✅ Created object: CurrentLayout
2026-03-15 14:56:19,004 | INFO | qtile.basefactory | ✅ Created object: Sep
2026-03-15 14:56:19,004 | INFO | qtile.basefactory | ✅ Created object: Clock
2026-03-15 14:56:19,004 | INFO | qtile.basefactory | ✅ Created object: Sep
2026-03-15 14:56:19,004 | INFO | qtile.basefactory | ✅ Created object: Spacer
2026-03-15 14:56:19,004 | INFO | qtile.basefactory | ✅ Created object: Sep
2026-03-15 14:56:19,004 | INFO | qtile.basefactory | ✅ Created object: CPU
2026-03-15 14:56:19,004 | INFO | qtile.basefactory | ✅ Created object: Sep
2026-03-15 14:56:19,004 | INFO | qtile.basefactory | ✅ Created object: HDD
2026-03-15 14:56:19,004 | INFO | qtile.basefactory | ✅ Created object: Sep
2026-03-15 14:56:19,005 | INFO | qtile.basefactory | ✅ Created object: Memory
2026-03-15 14:56:42,072 | INFO | qtile.basefactory | ✅ Created object: Columns
2026-03-15 14:56:42,072 | INFO | qtile.basefactory | ✅ Created object: Max
2026-03-15 14:56:42,072 | INFO | qtile.basefactory | ✅ Created object: Tile
2026-03-15 14:56:42,072 | INFO | qtile.basefactory | ✅ Created object: Bsp
2026-03-15 14:56:42,079 | INFO | qtile.basefactory | ✅ Created object: GroupBox
2026-03-15 14:56:42,079 | INFO | qtile.basefactory | ✅ Created object: Prompt
2026-03-15 14:56:42,079 | INFO | qtile.basefactory | ✅ Created object: Sep
2026-03-15 14:56:42,080 | INFO | qtile.basefactory | ✅ Created object: CurrentLayout
2026-03-15 14:56:42,080 | INFO | qtile.basefactory | ✅ Created object: Sep
2026-03-15 14:56:42,080 | INFO | qtile.basefactory | ✅ Created object: Clock
2026-03-15 14:56:42,080 | INFO | qtile.basefactory | ✅ Created object: Sep
2026-03-15 14:56:42,080 | INFO | qtile.basefactory | ✅ Created object: Spacer
2026-03-15 14:56:42,080 | INFO | qtile.basefactory | ✅ Created object: Sep
2026-03-15 14:56:42,080 | INFO | qtile.basefactory | ✅ Created object: CPU
2026-03-15 14:56:42,080 | INFO | qtile.basefactory | ✅ Created object: Sep
2026-03-15 14:56:42,080 | INFO | qtile.basefactory | ✅ Created object: HDD
2026-03-15 14:56:42,080 | INFO | qtile.basefactory | ✅ Created object: Sep
2026-03-15 14:56:42,080 | INFO | qtile.basefactory | ✅ Created object: Memory
2026-03-15 15:12:40,021 | INFO | qtile.basefactory | ✅ Created object: Columns
2026-03-15 15:12:40,022 | INFO | qtile.basefactory | ✅ Created object: Max
2026-03-15 15:12:40,022 | INFO | qtile.basefactory | ✅ Created object: Tile
2026-03-15 15:12:40,022 | INFO | qtile.basefactory | ✅ Created object: Bsp
2026-03-15 15:12:40,040 | INFO | qtile.basefactory | ✅ Created object: GroupBox
2026-03-15 15:12:40,040 | INFO | qtile.basefactory | ✅ Created object: Prompt
2026-03-15 15:12:40,040 | INFO | qtile.basefactory | ✅ Created object: Sep
2026-03-15 15:12:40,040 | INFO | qtile.basefactory | ✅ Created object: CurrentLayout
2026-03-15 15:12:40,040 | INFO | qtile.basefactory | ✅ Created object: Sep
2026-03-15 15:12:40,040 | INFO | qtile.basefactory | ✅ Created object: Clock
2026-03-15 15:12:40,041 | INFO | qtile.basefactory | ✅ Created object: Sep
2026-03-15 15:12:40,041 | INFO | qtile.basefactory | ✅ Created object: Spacer
2026-03-15 15:12:40,041 | INFO | qtile.basefactory | ✅ Created object: Sep
2026-03-15 15:12:40,041 | INFO | qtile.basefactory | ✅ Created object: CPU
2026-03-15 15:12:40,041 | INFO | qtile.basefactory | ✅ Created object: Sep
2026-03-15 15:12:40,041 | INFO | qtile.basefactory | ✅ Created object: HDD
2026-03-15 15:12:40,041 | INFO | qtile.basefactory | ✅ Created object: Sep
2026-03-15 15:12:40,041 | INFO | qtile.basefactory | ✅ Created object: Memory
2026-03-15 15:50:07,933 | INFO | qtile.basefactory | ✅ Created object: Columns
2026-03-15 15:50:07,935 | INFO | qtile.basefactory | ✅ Created object: Max
2026-03-15 15:50:07,935 | INFO | qtile.basefactory | ✅ Created object: Tile
2026-03-15 15:50:07,935 | INFO | qtile.basefactory | ✅ Created object: Bsp
2026-03-15 15:50:07,985 | INFO | qtile.basefactory | ✅ Created object: GroupBox
2026-03-15 15:50:07,986 | INFO | qtile.basefactory | ✅ Created object: Prompt
2026-03-15 15:50:07,986 | INFO | qtile.basefactory | ✅ Created object: Sep
2026-03-15 15:50:07,987 | INFO | qtile.basefactory | ✅ Created object: CurrentLayout
2026-03-15 15:50:07,987 | INFO | qtile.basefactory | ✅ Created object: Sep
2026-03-15 15:50:07,987 | INFO | qtile.basefactory | ✅ Created object: Clock
2026-03-15 15:50:07,987 | INFO | qtile.basefactory | ✅ Created object: Sep
2026-03-15 15:50:07,987 | INFO | qtile.basefactory | ✅ Created object: Spacer
2026-03-15 15:50:07,988 | INFO | qtile.basefactory | ✅ Created object: Sep
2026-03-15 15:50:07,988 | INFO | qtile.basefactory | ✅ Created object: CPU
2026-03-15 15:50:07,988 | INFO | qtile.basefactory | ✅ Created object: Sep
2026-03-15 15:50:07,988 | INFO | qtile.basefactory | ✅ Created object: HDD
2026-03-15 15:50:07,988 | INFO | qtile.basefactory | ✅ Created object: Sep
2026-03-15 15:50:07,989 | INFO | qtile.basefactory | ✅ Created object: Memory
2026-03-15 19:12:00,244 | INFO | qtile.basefactory | ✅ Created object: Columns
2026-03-15 19:12:00,244 | INFO | qtile.basefactory | ✅ Created object: Max
2026-03-15 19:12:00,245 | INFO | qtile.basefactory | ✅ Created object: Tile
2026-03-15 19:12:00,245 | INFO | qtile.basefactory | ✅ Created object: Bsp
2026-03-15 19:12:00,265 | INFO | qtile.basefactory | ✅ Created object: GroupBox
2026-03-15 19:12:00,265 | INFO | qtile.basefactory | ✅ Created object: Prompt
2026-03-15 19:12:00,265 | INFO | qtile.basefactory | ✅ Created object: Sep
2026-03-15 19:12:00,265 | INFO | qtile.basefactory | ✅ Created object: CurrentLayout
2026-03-15 19:12:00,265 | INFO | qtile.basefactory | ✅ Created object: Sep
2026-03-15 19:12:00,265 | INFO | qtile.basefactory | ✅ Created object: Clock
2026-03-15 19:12:00,265 | INFO | qtile.basefactory | ✅ Created object: Sep
2026-03-15 19:12:00,265 | INFO | qtile.basefactory | ✅ Created object: Spacer
2026-03-15 19:12:00,265 | INFO | qtile.basefactory | ✅ Created object: Sep
2026-03-15 19:12:00,265 | INFO | qtile.basefactory | ✅ Created object: CPU
2026-03-15 19:12:00,265 | INFO | qtile.basefactory | ✅ Created object: Sep
2026-03-15 19:12:00,265 | INFO | qtile.basefactory | ✅ Created object: HDD
2026-03-15 19:12:00,265 | INFO | qtile.basefactory | ✅ Created object: Sep
2026-03-15 19:12:00,266 | INFO | qtile.basefactory | ✅ Created object: Memory
2026-03-16 16:04:18,699 | INFO | qtile.basefactory | ✅ Created object: Columns
2026-03-16 16:04:18,699 | INFO | qtile.basefactory | ✅ Created object: Max
2026-03-16 16:04:18,699 | INFO | qtile.basefactory | ✅ Created object: Tile
2026-03-16 16:04:18,699 | INFO | qtile.basefactory | ✅ Created object: Bsp
2026-03-16 16:04:18,721 | INFO | qtile.basefactory | ✅ Created object: GroupBox
2026-03-16 16:04:18,721 | INFO | qtile.basefactory | ✅ Created object: Prompt
2026-03-16 16:04:18,721 | INFO | qtile.basefactory | ✅ Created object: Sep
2026-03-16 16:04:18,721 | INFO | qtile.basefactory | ✅ Created object: CurrentLayout
2026-03-16 16:04:18,721 | INFO | qtile.basefactory | ✅ Created object: Sep
2026-03-16 16:04:18,721 | INFO | qtile.basefactory | ✅ Created object: Clock
2026-03-16 16:04:18,722 | INFO | qtile.basefactory | ✅ Created object: Sep
2026-03-16 16:04:18,722 | INFO | qtile.basefactory | ✅ Created object: Spacer
2026-03-16 16:04:18,722 | INFO | qtile.basefactory | ✅ Created object: Sep
2026-03-16 16:04:18,722 | INFO | qtile.basefactory | ✅ Created object: CPU
2026-03-16 16:04:18,722 | INFO | qtile.basefactory | ✅ Created object: Sep
2026-03-16 16:04:18,722 | INFO | qtile.basefactory | ✅ Created object: HDD
2026-03-16 16:04:18,722 | INFO | qtile.basefactory | ✅ Created object: Sep
2026-03-16 16:04:18,722 | INFO | qtile.basefactory | ✅ Created object: Memory
2026-03-16 17:17:03,562 | INFO | qtile.basefactory | ✅ Created object: Columns
2026-03-16 17:17:03,563 | INFO | qtile.basefactory | ✅ Created object: Max
2026-03-16 17:17:03,563 | INFO | qtile.basefactory | ✅ Created object: Tile
2026-03-16 17:17:03,563 | INFO | qtile.basefactory | ✅ Created object: Bsp
2026-03-16 17:17:03,583 | INFO | qtile.basefactory | ✅ Created object: GroupBox
2026-03-16 17:17:03,583 | INFO | qtile.basefactory | ✅ Created object: Prompt
2026-03-16 17:17:03,583 | INFO | qtile.basefactory | ✅ Created object: Sep
2026-03-16 17:17:03,583 | INFO | qtile.basefactory | ✅ Created object: CurrentLayout
2026-03-16 17:17:03,583 | INFO | qtile.basefactory | ✅ Created object: Sep
2026-03-16 17:17:03,583 | INFO | qtile.basefactory | ✅ Created object: Clock
2026-03-16 17:17:03,583 | INFO | qtile.basefactory | ✅ Created object: Sep
2026-03-16 17:17:03,583 | INFO | qtile.basefactory | ✅ Created object: Spacer
2026-03-16 17:17:03,583 | INFO | qtile.basefactory | ✅ Created object: Sep
2026-03-16 17:17:03,583 | INFO | qtile.basefactory | ✅ Created object: CPU
2026-03-16 17:17:03,583 | INFO | qtile.basefactory | ✅ Created object: Sep
2026-03-16 17:17:03,583 | INFO | qtile.basefactory | ✅ Created object: HDD
2026-03-16 17:17:03,584 | INFO | qtile.basefactory | ✅ Created object: Sep
2026-03-16 17:17:03,584 | INFO | qtile.basefactory | ✅ Created object: Memory
2026-03-16 17:18:52,935 | INFO | qtile.basefactory | ✅ Created object: Columns
2026-03-16 17:18:52,936 | INFO | qtile.basefactory | ✅ Created object: Max
2026-03-16 17:18:52,936 | INFO | qtile.basefactory | ✅ Created object: Tile
2026-03-16 17:18:52,936 | INFO | qtile.basefactory | ✅ Created object: Bsp
2026-03-16 17:18:52,960 | INFO | qtile.basefactory | ✅ Created object: GroupBox
2026-03-16 17:18:52,960 | INFO | qtile.basefactory | ✅ Created object: Prompt
2026-03-16 17:18:52,960 | INFO | qtile.basefactory | ✅ Created object: Sep
2026-03-16 17:18:52,960 | INFO | qtile.basefactory | ✅ Created object: CurrentLayout
2026-03-16 17:18:52,960 | INFO | qtile.basefactory | ✅ Created object: Sep
2026-03-16 17:18:52,960 | INFO | qtile.basefactory | ✅ Created object: Clock
2026-03-16 17:18:52,960 | INFO | qtile.basefactory | ✅ Created object: Sep
2026-03-16 17:18:52,961 | INFO | qtile.basefactory | ✅ Created object: Spacer
2026-03-16 17:18:52,961 | INFO | qtile.basefactory | ✅ Created object: Sep
2026-03-16 17:18:52,961 | INFO | qtile.basefactory | ✅ Created object: CPU
2026-03-16 17:18:52,961 | INFO | qtile.basefactory | ✅ Created object: Sep
2026-03-16 17:18:52,961 | INFO | qtile.basefactory | ✅ Created object: HDD
2026-03-16 17:18:52,961 | INFO | qtile.basefactory | ✅ Created object: Sep
2026-03-16 17:18:52,961 | INFO | qtile.basefactory | ✅ Created object: Memory
2026-03-16 17:21:40,397 | INFO | qtile.basefactory | ✅ Created object: Columns
2026-03-16 17:21:40,397 | INFO | qtile.basefactory | ✅ Created object: Max
2026-03-16 17:21:40,397 | INFO | qtile.basefactory | ✅ Created object: Tile
2026-03-16 17:21:40,398 | INFO | qtile.basefactory | ✅ Created object: Bsp
2026-03-16 17:21:40,405 | INFO | qtile.basefactory | ✅ Created object: GroupBox
2026-03-16 17:21:40,405 | INFO | qtile.basefactory | ✅ Created object: Prompt
2026-03-16 17:21:40,406 | INFO | qtile.basefactory | ✅ Created object: Sep
2026-03-16 17:21:40,406 | INFO | qtile.basefactory | ✅ Created object: CurrentLayout
2026-03-16 17:21:40,406 | INFO | qtile.basefactory | ✅ Created object: Sep
2026-03-16 17:21:40,406 | INFO | qtile.basefactory | ✅ Created object: Clock
2026-03-16 17:21:40,406 | INFO | qtile.basefactory | ✅ Created object: Sep
2026-03-16 17:21:40,406 | INFO | qtile.basefactory | ✅ Created object: Spacer
2026-03-16 17:21:40,406 | INFO | qtile.basefactory | ✅ Created object: Sep
2026-03-16 17:21:40,406 | INFO | qtile.basefactory | ✅ Created object: CPU
2026-03-16 17:21:40,406 | INFO | qtile.basefactory | ✅ Created object: Sep
2026-03-16 17:21:40,406 | INFO | qtile.basefactory | ✅ Created object: HDD
2026-03-16 17:21:40,406 | INFO | qtile.basefactory | ✅ Created object: Sep
2026-03-16 17:21:40,406 | INFO | qtile.basefactory | ✅ Created object: Memory
2026-03-16 17:59:33,115 | INFO | qtile.basefactory | ✅ Created object: Columns
2026-03-16 17:59:33,116 | INFO | qtile.basefactory | ✅ Created object: Max
2026-03-16 17:59:33,116 | INFO | qtile.basefactory | ✅ Created object: Tile
2026-03-16 17:59:33,116 | INFO | qtile.basefactory | ✅ Created object: Bsp
2026-03-16 17:59:33,135 | INFO | qtile.basefactory | ✅ Created object: GroupBox
2026-03-16 17:59:33,135 | INFO | qtile.basefactory | ✅ Created object: Prompt
2026-03-16 17:59:33,135 | INFO | qtile.basefactory | ✅ Created object: Sep
2026-03-16 17:59:33,135 | INFO | qtile.basefactory | ✅ Created object: CurrentLayout
2026-03-16 17:59:33,136 | INFO | qtile.basefactory | ✅ Created object: Sep
2026-03-16 17:59:33,136 | INFO | qtile.basefactory | ✅ Created object: Clock
2026-03-16 17:59:33,136 | INFO | qtile.basefactory | ✅ Created object: Sep
2026-03-16 17:59:33,136 | INFO | qtile.basefactory | ✅ Created object: Spacer
2026-03-16 17:59:33,136 | INFO | qtile.basefactory | ✅ Created object: Sep
2026-03-16 17:59:33,136 | INFO | qtile.basefactory | ✅ Created object: CPU
2026-03-16 17:59:33,136 | INFO | qtile.basefactory | ✅ Created object: Sep
2026-03-16 17:59:33,136 | INFO | qtile.basefactory | ✅ Created object: HDD
2026-03-16 17:59:33,136 | INFO | qtile.basefactory | ✅ Created object: Sep
2026-03-16 17:59:33,136 | INFO | qtile.basefactory | ✅ Created object: Memory
2026-03-16 17:59:53,392 | INFO | qtile.basefactory | ✅ Created object: Columns
2026-03-16 17:59:53,392 | INFO | qtile.basefactory | ✅ Created object: Max
2026-03-16 17:59:53,392 | INFO | qtile.basefactory | ✅ Created object: Tile
2026-03-16 17:59:53,392 | INFO | qtile.basefactory | ✅ Created object: Bsp
2026-03-16 17:59:53,400 | INFO | qtile.basefactory | ✅ Created object: GroupBox
2026-03-16 17:59:53,400 | INFO | qtile.basefactory | ✅ Created object: Prompt
2026-03-16 17:59:53,401 | INFO | qtile.basefactory | ✅ Created object: Sep
2026-03-16 17:59:53,401 | INFO | qtile.basefactory | ✅ Created object: CurrentLayout
2026-03-16 17:59:53,401 | INFO | qtile.basefactory | ✅ Created object: Sep
2026-03-16 17:59:53,401 | INFO | qtile.basefactory | ✅ Created object: Clock
2026-03-16 17:59:53,401 | INFO | qtile.basefactory | ✅ Created object: Sep
2026-03-16 17:59:53,401 | INFO | qtile.basefactory | ✅ Created object: Spacer
2026-03-16 17:59:53,401 | INFO | qtile.basefactory | ✅ Created object: Sep
2026-03-16 17:59:53,401 | INFO | qtile.basefactory | ✅ Created object: CPU
2026-03-16 17:59:53,401 | INFO | qtile.basefactory | ✅ Created object: Sep
2026-03-16 17:59:53,401 | INFO | qtile.basefactory | ✅ Created object: HDD
2026-03-16 17:59:53,401 | INFO | qtile.basefactory | ✅ Created object: Sep
2026-03-16 17:59:53,401 | INFO | qtile.basefactory | ✅ Created object: Memory
2026-03-16 18:00:27,345 | INFO | qtile.basefactory | ✅ Created object: Columns
2026-03-16 18:00:27,345 | INFO | qtile.basefactory | ✅ Created object: Max
2026-03-16 18:00:27,345 | INFO | qtile.basefactory | ✅ Created object: Tile
2026-03-16 18:00:27,346 | INFO | qtile.basefactory | ✅ Created object: Bsp
2026-03-16 18:00:27,366 | INFO | qtile.basefactory | ✅ Created object: GroupBox
2026-03-16 18:00:27,366 | INFO | qtile.basefactory | ✅ Created object: Prompt
2026-03-16 18:00:27,366 | INFO | qtile.basefactory | ✅ Created object: Sep
2026-03-16 18:00:27,366 | INFO | qtile.basefactory | ✅ Created object: CurrentLayout
2026-03-16 18:00:27,366 | INFO | qtile.basefactory | ✅ Created object: Sep
2026-03-16 18:00:27,367 | INFO | qtile.basefactory | ✅ Created object: Clock
2026-03-16 18:00:27,367 | INFO | qtile.basefactory | ✅ Created object: Sep
2026-03-16 18:00:27,367 | INFO | qtile.basefactory | ✅ Created object: Spacer
2026-03-16 18:00:27,367 | INFO | qtile.basefactory | ✅ Created object: Sep
2026-03-16 18:00:27,367 | INFO | qtile.basefactory | ✅ Created object: CPU
2026-03-16 18:00:27,367 | INFO | qtile.basefactory | ✅ Created object: Sep
2026-03-16 18:00:27,367 | INFO | qtile.basefactory | ✅ Created object: HDD
2026-03-16 18:00:27,367 | INFO | qtile.basefactory | ✅ Created object: Sep
2026-03-16 18:00:27,367 | INFO | qtile.basefactory | ✅ Created object: Memory
2026-03-16 18:03:08,584 | INFO | qtile.basefactory | ✅ Created object: Columns
2026-03-16 18:03:08,584 | INFO | qtile.basefactory | ✅ Created object: Max
2026-03-16 18:03:08,584 | INFO | qtile.basefactory | ✅ Created object: Tile
2026-03-16 18:03:08,584 | INFO | qtile.basefactory | ✅ Created object: Bsp
2026-03-16 18:03:08,584 | INFO | qtile.basefactory | ✅ Created object: GroupBox
2026-03-16 18:03:08,584 | INFO | qtile.basefactory | ✅ Created object: Prompt
2026-03-16 18:03:08,585 | INFO | qtile.basefactory | ✅ Created object: Sep
2026-03-16 18:03:08,585 | INFO | qtile.basefactory | ✅ Created object: CurrentLayout
2026-03-16 18:03:08,585 | INFO | qtile.basefactory | ✅ Created object: Sep
2026-03-16 18:03:08,585 | INFO | qtile.basefactory | ✅ Created object: Clock
2026-03-16 18:03:08,585 | INFO | qtile.basefactory | ✅ Created object: Sep
2026-03-16 18:03:08,585 | INFO | qtile.basefactory | ✅ Created object: Spacer
2026-03-16 18:03:08,585 | INFO | qtile.basefactory | ✅ Created object: Sep
2026-03-16 18:03:08,585 | INFO | qtile.basefactory | ✅ Created object: CPU
2026-03-16 18:03:08,585 | INFO | qtile.basefactory | ✅ Created object: Sep
2026-03-16 18:03:08,585 | INFO | qtile.basefactory | ✅ Created object: HDD
2026-03-16 18:03:08,585 | INFO | qtile.basefactory | ✅ Created object: Sep
2026-03-16 18:03:08,585 | INFO | qtile.basefactory | ✅ Created object: Memory
2026-03-16 18:03:08,599 | INFO | qtile.basefactory | ✅ Created object: Columns
2026-03-16 18:03:08,600 | INFO | qtile.basefactory | ✅ Created object: Max
2026-03-16 18:03:08,600 | INFO | qtile.basefactory | ✅ Created object: Tile
2026-03-16 18:03:08,601 | INFO | qtile.basefactory | ✅ Created object: Bsp
2026-03-16 18:03:08,601 | INFO | qtile.basefactory | ✅ Created object: GroupBox
2026-03-16 18:03:08,602 | INFO | qtile.basefactory | ✅ Created object: Prompt
2026-03-16 18:03:08,602 | INFO | qtile.basefactory | ✅ Created object: Sep
2026-03-16 18:03:08,602 | INFO | qtile.basefactory | ✅ Created object: CurrentLayout
2026-03-16 18:03:08,602 | INFO | qtile.basefactory | ✅ Created object: Sep
2026-03-16 18:03:08,602 | INFO | qtile.basefactory | ✅ Created object: Clock
2026-03-16 18:03:08,602 | INFO | qtile.basefactory | ✅ Created object: Sep
2026-03-16 18:03:08,602 | INFO | qtile.basefactory | ✅ Created object: Spacer
2026-03-16 18:03:08,602 | INFO | qtile.basefactory | ✅ Created object: Sep
2026-03-16 18:03:08,602 | INFO | qtile.basefactory | ✅ Created object: CPU
2026-03-16 18:03:08,602 | INFO | qtile.basefactory | ✅ Created object: Sep
2026-03-16 18:03:08,602 | INFO | qtile.basefactory | ✅ Created object: HDD
2026-03-16 18:03:08,603 | INFO | qtile.basefactory | ✅ Created object: Sep
2026-03-16 18:03:08,603 | INFO | qtile.basefactory | ✅ Created object: Memory
2026-03-16 18:03:15,900 | INFO | qtile.basefactory | ✅ Created object: Columns
2026-03-16 18:03:15,900 | INFO | qtile.basefactory | ✅ Created object: Max
2026-03-16 18:03:15,900 | INFO | qtile.basefactory | ✅ Created object: Tile
2026-03-16 18:03:15,900 | INFO | qtile.basefactory | ✅ Created object: Bsp
2026-03-16 18:03:15,901 | INFO | qtile.basefactory | ✅ Created object: GroupBox
2026-03-16 18:03:15,901 | INFO | qtile.basefactory | ✅ Created object: Prompt
2026-03-16 18:03:15,902 | INFO | qtile.basefactory | ✅ Created object: Sep
2026-03-16 18:03:15,902 | INFO | qtile.basefactory | ✅ Created object: CurrentLayout
2026-03-16 18:03:15,902 | INFO | qtile.basefactory | ✅ Created object: Sep
2026-03-16 18:03:15,903 | INFO | qtile.basefactory | ✅ Created object: Clock
2026-03-16 18:03:15,903 | INFO | qtile.basefactory | ✅ Created object: Sep
2026-03-16 18:03:15,903 | INFO | qtile.basefactory | ✅ Created object: Spacer
2026-03-16 18:03:15,903 | INFO | qtile.basefactory | ✅ Created object: Sep
2026-03-16 18:03:15,904 | INFO | qtile.basefactory | ✅ Created object: CPU
2026-03-16 18:03:15,904 | INFO | qtile.basefactory | ✅ Created object: Sep
2026-03-16 18:03:15,904 | INFO | qtile.basefactory | ✅ Created object: HDD
2026-03-16 18:03:15,904 | INFO | qtile.basefactory | ✅ Created object: Sep
2026-03-16 18:03:15,904 | INFO | qtile.basefactory | ✅ Created object: Memory
2026-03-16 18:03:15,918 | INFO | qtile.basefactory | ✅ Created object: Columns
2026-03-16 18:03:15,918 | INFO | qtile.basefactory | ✅ Created object: Max
2026-03-16 18:03:15,918 | INFO | qtile.basefactory | ✅ Created object: Tile
2026-03-16 18:03:15,918 | INFO | qtile.basefactory | ✅ Created object: Bsp
2026-03-16 18:03:15,919 | INFO | qtile.basefactory | ✅ Created object: GroupBox
2026-03-16 18:03:15,919 | INFO | qtile.basefactory | ✅ Created object: Prompt
2026-03-16 18:03:15,919 | INFO | qtile.basefactory | ✅ Created object: Sep
2026-03-16 18:03:15,919 | INFO | qtile.basefactory | ✅ Created object: CurrentLayout
2026-03-16 18:03:15,919 | INFO | qtile.basefactory | ✅ Created object: Sep
2026-03-16 18:03:15,919 | INFO | qtile.basefactory | ✅ Created object: Clock
2026-03-16 18:03:15,919 | INFO | qtile.basefactory | ✅ Created object: Sep
2026-03-16 18:03:15,919 | INFO | qtile.basefactory | ✅ Created object: Spacer
2026-03-16 18:03:15,919 | INFO | qtile.basefactory | ✅ Created object: Sep
2026-03-16 18:03:15,920 | INFO | qtile.basefactory | ✅ Created object: CPU
2026-03-16 18:03:15,920 | INFO | qtile.basefactory | ✅ Created object: Sep
2026-03-16 18:03:15,920 | INFO | qtile.basefactory | ✅ Created object: HDD
2026-03-16 18:03:15,920 | INFO | qtile.basefactory | ✅ Created object: Sep
2026-03-16 18:03:15,920 | INFO | qtile.basefactory | ✅ Created object: Memory
2026-03-16 21:21:33,681 | INFO | qtile.basefactory | ✅ Created object: Columns
2026-03-16 21:21:33,681 | INFO | qtile.basefactory | ✅ Created object: Max
2026-03-16 21:21:33,681 | INFO | qtile.basefactory | ✅ Created object: Tile
2026-03-16 21:21:33,681 | INFO | qtile.basefactory | ✅ Created object: Bsp
2026-03-16 21:21:33,682 | INFO | qtile.basefactory | ✅ Created object: GroupBox
2026-03-16 21:21:33,682 | INFO | qtile.basefactory | ✅ Created object: Prompt
2026-03-16 21:21:33,682 | INFO | qtile.basefactory | ✅ Created object: Sep
2026-03-16 21:21:33,682 | INFO | qtile.basefactory | ✅ Created object: CurrentLayout
2026-03-16 21:21:33,682 | INFO | qtile.basefactory | ✅ Created object: Sep
2026-03-16 21:21:33,682 | INFO | qtile.basefactory | ✅ Created object: Clock
2026-03-16 21:21:33,682 | INFO | qtile.basefactory | ✅ Created object: Sep
2026-03-16 21:21:33,682 | INFO | qtile.basefactory | ✅ Created object: Spacer
2026-03-16 21:21:33,682 | INFO | qtile.basefactory | ✅ Created object: Sep
2026-03-16 21:21:33,682 | INFO | qtile.basefactory | ✅ Created object: CPU
2026-03-16 21:21:33,683 | INFO | qtile.basefactory | ✅ Created object: Sep
2026-03-16 21:21:33,683 | INFO | qtile.basefactory | ✅ Created object: HDD
2026-03-16 21:21:33,683 | INFO | qtile.basefactory | ✅ Created object: Sep
2026-03-16 21:21:33,683 | INFO | qtile.basefactory | ✅ Created object: Memory
2026-03-16 21:21:33,696 | INFO | qtile.basefactory | ✅ Created object: Columns
2026-03-16 21:21:33,696 | INFO | qtile.basefactory | ✅ Created object: Max
2026-03-16 21:21:33,697 | INFO | qtile.basefactory | ✅ Created object: Tile
2026-03-16 21:21:33,697 | INFO | qtile.basefactory | ✅ Created object: Bsp
2026-03-16 21:21:33,697 | INFO | qtile.basefactory | ✅ Created object: GroupBox
2026-03-16 21:21:33,697 | INFO | qtile.basefactory | ✅ Created object: Prompt
2026-03-16 21:21:33,697 | INFO | qtile.basefactory | ✅ Created object: Sep
2026-03-16 21:21:33,697 | INFO | qtile.basefactory | ✅ Created object: CurrentLayout
2026-03-16 21:21:33,697 | INFO | qtile.basefactory | ✅ Created object: Sep
2026-03-16 21:21:33,697 | INFO | qtile.basefactory | ✅ Created object: Clock
2026-03-16 21:21:33,697 | INFO | qtile.basefactory | ✅ Created object: Sep
2026-03-16 21:21:33,698 | INFO | qtile.basefactory | ✅ Created object: Spacer
2026-03-16 21:21:33,698 | INFO | qtile.basefactory | ✅ Created object: Sep
2026-03-16 21:21:33,698 | INFO | qtile.basefactory | ✅ Created object: CPU
2026-03-16 21:21:33,698 | INFO | qtile.basefactory | ✅ Created object: Sep
2026-03-16 21:21:33,698 | INFO | qtile.basefactory | ✅ Created object: HDD
2026-03-16 21:21:33,698 | INFO | qtile.basefactory | ✅ Created object: Sep
2026-03-16 21:21:33,698 | INFO | qtile.basefactory | ✅ Created object: Memory
2026-03-17 19:10:24,465 | INFO | qtile.basefactory | ✅ Created object: Columns
2026-03-17 19:10:24,465 | INFO | qtile.basefactory | ✅ Created object: Max
2026-03-17 19:10:24,465 | INFO | qtile.basefactory | ✅ Created object: Tile
2026-03-17 19:10:24,466 | INFO | qtile.basefactory | ✅ Created object: Bsp
2026-03-17 19:10:24,486 | INFO | qtile.basefactory | ✅ Created object: GroupBox
2026-03-17 19:10:24,487 | INFO | qtile.basefactory | ✅ Created object: Prompt
2026-03-17 19:10:24,487 | INFO | qtile.basefactory | ✅ Created object: Sep
2026-03-17 19:10:24,487 | INFO | qtile.basefactory | ✅ Created object: CurrentLayout
2026-03-17 19:10:24,487 | INFO | qtile.basefactory | ✅ Created object: Sep
2026-03-17 19:10:24,487 | INFO | qtile.basefactory | ✅ Created object: Clock
2026-03-17 19:10:24,487 | INFO | qtile.basefactory | ✅ Created object: Sep
2026-03-17 19:10:24,487 | INFO | qtile.basefactory | ✅ Created object: Spacer
2026-03-17 19:10:24,487 | INFO | qtile.basefactory | ✅ Created object: Sep
2026-03-17 19:10:24,487 | INFO | qtile.basefactory | ✅ Created object: CPU
2026-03-17 19:10:24,487 | INFO | qtile.basefactory | ✅ Created object: Sep
2026-03-17 19:10:24,487 | INFO | qtile.basefactory | ✅ Created object: HDD
2026-03-17 19:10:24,487 | INFO | qtile.basefactory | ✅ Created object: Sep
2026-03-17 19:10:24,487 | INFO | qtile.basefactory | ✅ Created object: Memory
2026-03-17 20:21:19,142 | INFO | qtile.basefactory | ✅ Created object: Columns
2026-03-17 20:21:19,143 | INFO | qtile.basefactory | ✅ Created object: Max
2026-03-17 20:21:19,143 | INFO | qtile.basefactory | ✅ Created object: Tile
2026-03-17 20:21:19,143 | INFO | qtile.basefactory | ✅ Created object: Bsp
2026-03-17 20:21:19,162 | INFO | qtile.basefactory | ✅ Created object: GroupBox
2026-03-17 20:21:19,162 | INFO | qtile.basefactory | ✅ Created object: Prompt
2026-03-17 20:21:19,162 | INFO | qtile.basefactory | ✅ Created object: Sep
2026-03-17 20:21:19,162 | INFO | qtile.basefactory | ✅ Created object: CurrentLayout
2026-03-17 20:21:19,162 | INFO | qtile.basefactory | ✅ Created object: Sep
2026-03-17 20:21:19,162 | INFO | qtile.basefactory | ✅ Created object: Clock
2026-03-17 20:21:19,162 | INFO | qtile.basefactory | ✅ Created object: Sep
2026-03-17 20:21:19,162 | INFO | qtile.basefactory | ✅ Created object: Spacer
2026-03-17 20:21:19,163 | INFO | qtile.basefactory | ✅ Created object: Sep
2026-03-17 20:21:19,163 | INFO | qtile.basefactory | ✅ Created object: CPU
2026-03-17 20:21:19,163 | INFO | qtile.basefactory | ✅ Created object: Sep
2026-03-17 20:21:19,163 | INFO | qtile.basefactory | ✅ Created object: HDD
2026-03-17 20:21:19,163 | INFO | qtile.basefactory | ✅ Created object: Sep
2026-03-17 20:21:19,163 | INFO | qtile.basefactory | ✅ Created object: Memory
2026-03-18 20:05:09,444 | INFO | qtile.basefactory | ✅ Created object: Columns
2026-03-18 20:05:09,445 | INFO | qtile.basefactory | ✅ Created object: Max
2026-03-18 20:05:09,445 | INFO | qtile.basefactory | ✅ Created object: Tile
2026-03-18 20:05:09,445 | INFO | qtile.basefactory | ✅ Created object: Bsp
2026-03-18 20:05:09,465 | INFO | qtile.basefactory | ✅ Created object: GroupBox
2026-03-18 20:05:09,465 | INFO | qtile.basefactory | ✅ Created object: Prompt
2026-03-18 20:05:09,465 | INFO | qtile.basefactory | ✅ Created object: Sep
2026-03-18 20:05:09,466 | INFO | qtile.basefactory | ✅ Created object: CurrentLayout
2026-03-18 20:05:09,466 | INFO | qtile.basefactory | ✅ Created object: Sep
2026-03-18 20:05:09,466 | INFO | qtile.basefactory | ✅ Created object: Clock
2026-03-18 20:05:09,466 | INFO | qtile.basefactory | ✅ Created object: Sep
2026-03-18 20:05:09,466 | INFO | qtile.basefactory | ✅ Created object: Spacer
2026-03-18 20:05:09,466 | INFO | qtile.basefactory | ✅ Created object: Sep
2026-03-18 20:05:09,466 | INFO | qtile.basefactory | ✅ Created object: CPU
2026-03-18 20:05:09,466 | INFO | qtile.basefactory | ✅ Created object: Sep
2026-03-18 20:05:09,466 | INFO | qtile.basefactory | ✅ Created object: HDD
2026-03-18 20:05:09,466 | INFO | qtile.basefactory | ✅ Created object: Sep
2026-03-18 20:05:09,466 | INFO | qtile.basefactory | ✅ Created object: Memory
